HouseID,Area_SqFt,Bedrooms,Bathrooms,Age_Years,Location_Tier,Amenities_Count,Furnishing_Status,Distance_From_City_Center_KM,Parking_Spaces,Price_Lakhs
HSE2000,1350.0,3,2,8.8,Tier2_City,4,Semi-Furnished,5.8,1,100.34
HSE2001,1660.0,3,2,11.8,Tier1_City,0,Semi-Furnished,4.4,1,145.13
HSE2002,1674.0,1,1,0.7,Tier2_City,1,Unfurnished,5.1,2,114.06
HSE2003,,2,1,2.5,Tier3_City,2,Furnished,0.5,2,82.14
HSE2004,737.0,1,1,14.0,Tier3_City,5,Semi-Furnished,11.6,2,25.45
HSE2005,300.0,3,3,7.3,Tier1_City,5,Unfurnished,3.3,0,52.82
HSE2006,985.0,4,4,3.5,Tier1_City,6,Unfurnished,9.7,1,100.5
HSE2007,2449.0,2,2,16.7,Tier3_City,4,Furnished,2.9,0,91.18
HSE2008,,3,2,3.0,Tier1_City,3,Furnished,3.9,1,224.75
HSE2009,1306.0,2,1,0.1,Tier1_City,4,Unfurnished,3.9,2,113.21
HSE2010,923.0,5,4,2.3,Tier2_City,3,Furnished,0.2,0,110.11
HSE2011,1603.0,1,1,,Tier3_City,1,Unfurnished,2.4,0,60.05
HSE2012,,3,3,2.9,Tier1_City,4,Unfurnished,0.5,1,163.99
HSE2013,1780.0,2,1,5.9,Tier1_City,2,Furnished,21.5,2,131.77
HSE2014,300.0,3,3,3.3,Tier3_City,2,Furnished,3.5,2,43.12
HSE2015,3187.0,3,2,9.5,Tier3_City,5,Unfurnished,8.6,1,135.81
HSE2016,2073.0,4,4,7.5,Tier2_City,0,Semi-Furnished,7.4,1,127.08
HSE2017,1341.0,5,4,1.3,Tier2_City,0,Semi-Furnished,4.3,0,98.75
HSE2018,1055.0,3,3,0.9,Tier3_City,2,Furnished,9.5,1,56.93
HSE2019,1993.0,2,2,7.1,Tier2_City,4,Semi-Furnished,10.4,0,119.47
HSE2020,1722.0,3,3,0.5,Tier3_City,6,Unfurnished,6.0,0,80.41
HSE2021,1501.0,3,3,18.2,Tier2_City,4,Unfurnished,0.9,1,101.99
HSE2022,1702.0,5,4,8.0,Tier1_City,2,,3.1,0,199.73
HSE2023,1388.0,3,2,42.7,Tier3_City,2,Semi-Furnished,2.0,1,43.73
HSE2024,1671.0,5,4,17.3,Tier2_City,3,Unfurnished,19.9,2,99.03
HSE2025,1849.0,4,4,9.0,Tier1_City,2,Furnished,0.9,2,179.74
HSE2026,1639.0,3,2,7.2,Tier2_City,5,Unfurnished,6.2,2,103.91
HSE2027,1610.0,2,1,24.8,Tier3_City,6,Semi-Furnished,10.1,0,58.38
HSE2028,2216.0,2,2,,Tier1_City,5,Furnished,2.2,2,199.33
HSE2029,572.0,1,1,13.2,Tier3_City,3,Unfurnished,0.2,2,29.72
HSE2030,1011.0,3,3,4.7,Tier1_City,2,Semi-Furnished,2.2,1,115.59
HSE2031,1465.0,5,5,7.7,Tier2_City,0,Furnished,3.3,0,118.58
HSE2032,1049.0,1,1,11.6,Tier3_City,6,Furnished,1.4,2,53.52
HSE2033,1232.0,5,5,11.3,Tier3_City,7,Semi-Furnished,3.5,0,76.72
HSE2034,2158.0,5,5,10.9,Tier3_City,0,Semi-Furnished,6.8,1,98.69
HSE2035,1368.0,3,3,4.2,Tier2_City,1,Semi-Furnished,9.7,1,89.26
HSE2036,444.0,2,2,7.2,Tier2_City,1,Unfurnished,0.3,2,43.38
HSE2037,1217.0,3,2,6.9,Tier2_City,6,Semi-Furnished,6.6,2,81.03
HSE2038,1482.0,5,5,2.2,Tier1_City,1,Furnished,4.2,2,179.32
HSE2039,1472.0,1,1,25.7,Tier2_City,0,Unfurnished,5.3,1,57.25
HSE2040,1756.0,3,2,1.0,Tier2_City,2,Unfurnished,2.7,0,110.49
HSE2041,1711.0,1,1,6.3,Tier2_City,2,Semi-Furnished,19.9,2,74.17
HSE2042,1374.0,4,4,13.9,Tier2_City,3,Unfurnished,0.4,2,101.58
HSE2043,794.0,1,1,0.5,Tier2_City,4,Semi-Furnished,1.6,1,64.26
HSE2044,1207.0,2,2,1.4,Tier1_City,1,Furnished,2.4,1,127.79
HSE2045,1107.0,4,4,14.1,Tier1_City,0,Furnished,4.7,2,112.02
HSE2046,1293.0,4,4,5.5,Tier2_City,0,Semi-Furnished,19.3,0,82.8
HSE2047,1830.0,2,2,6.7,Tier1_City,5,Semi-Furnished,1.4,2,183.81
HSE2048,1672.0,3,3,9.2,Tier3_City,5,Furnished,3.7,1,82.76
HSE2049,1903.0,1,1,0.8,Tier1_City,2,Semi-Furnished,8.0,2,154.61
HSE2050,1239.0,3,2,13.2,Tier3_City,7,Unfurnished,0.5,0,52.84
HSE2051,2280.0,1,1,2.0,Tier1_City,4,Unfurnished,4.4,1,173.11
HSE2052,1820.0,5,5,9.9,Tier3_City,6,Unfurnished,10.9,0,90.88
HSE2053,1512.0,1,1,11.3,Tier2_City,6,Unfurnished,10.0,1,89.41
HSE2054,1782.0,4,4,19.2,Tier3_City,2,Unfurnished,3.4,1,76.51
HSE2055,1078.0,3,3,1.1,Tier3_City,4,Semi-Furnished,11.3,2,71.93
HSE2056,300.0,2,1,1.3,Tier2_City,4,Semi-Furnished,1.0,2,46.44
HSE2057,1116.0,3,2,12.4,Tier1_City,3,Semi-Furnished,0.2,1,103.79
HSE2058,1861.0,1,1,6.6,Tier2_City,5,Furnished,2.9,1,127.58
HSE2059,1494.0,3,3,1.0,Tier1_City,2,Semi-Furnished,0.6,1,142.72
HSE2060,1375.0,4,3,3.3,Tier3_City,0,Semi-Furnished,3.4,1,72.19
HSE2061,984.0,3,3,23.2,Tier3_City,0,Furnished,2.0,2,44.73
HSE2062,374.0,2,1,6.1,Tier1_City,3,Semi-Furnished,19.9,1,16.11
HSE2063,,3,2,18.9,Tier2_City,7,Unfurnished,1.0,1,146.22
HSE2064,1336.0,5,5,10.7,Tier1_City,1,Semi-Furnished,3.0,0,144.35
HSE2065,1214.0,4,3,13.7,Tier2_City,4,Semi-Furnished,6.8,1,102.75
HSE2066,1081.0,1,1,2.5,Tier2_City,1,Furnished,2.6,1,66.1
HSE2067,2140.0,2,2,6.2,Tier2_City,5,Furnished,13.6,2,121.89
HSE2068,1935.0,1,1,6.4,Tier3_City,1,Unfurnished,14.3,0,61.03
HSE2069,918.0,2,1,11.4,Tier1_City,3,Furnished,3.5,1,120.83
HSE2070,2090.0,4,3,6.1,Tier3_City,6,Semi-Furnished,0.9,1,109.52
HSE2071,1370.0,5,5,9.9,Tier2_City,2,Unfurnished,14.8,1,99.25
HSE2072,1114.0,3,3,,Tier1_City,7,Semi-Furnished,3.2,0,124.54
HSE2073,1289.0,4,4,3.6,Tier2_City,0,Semi-Furnished,6.1,0,91.33
HSE2074,1019.0,2,1,3.5,Tier1_City,0,Semi-Furnished,1.6,1,121.95
HSE2075,,3,3,3.0,Tier2_City,1,Furnished,17.6,2,60.35
HSE2076,1877.0,5,4,2.9,Tier3_City,1,Semi-Furnished,4.9,0,95.02
HSE2077,1329.0,2,2,3.6,Tier1_City,3,Semi-Furnished,38.9,1,86.21
HSE2078,1789.0,2,2,1.3,Tier1_City,7,Furnished,0.7,2,176.05
HSE2079,1608.0,1,1,2.4,Tier2_City,1,Furnished,2.5,2,96.78
HSE2080,1752.0,2,2,1.2,Tier1_City,2,Semi-Furnished,10.3,2,148.77
HSE2081,325.0,1,1,9.6,Tier1_City,0,Furnished,0.6,0,850.5847790904131
HSE2082,973.0,5,5,18.2,Tier2_City,5,Furnished,0.2,0,88.44
HSE2083,1763.0,5,5,6.9,Tier2_City,4,Semi-Furnished,6.1,2,137.41
HSE2084,749.0,3,2,19.1,Tier3_City,0,Semi-Furnished,0.6,2,37.56
HSE2085,1655.0,3,2,6.0,Tier2_City,3,Semi-Furnished,9.7,1,94.96
HSE2086,685.0,2,1,0.4,Tier2_City,1,Furnished,14.9,2,45.31
HSE2087,1459.0,1,1,3.0,Tier2_City,3,Unfurnished,4.4,1,89.17
HSE2088,2335.0,3,2,4.3,Tier1_City,2,Unfurnished,0.8,2,190.5
HSE2089,1876.0,1,1,,Tier2_City,6,Semi-Furnished,3.8,2,129.32
HSE2090,432.0,5,4,10.6,Tier2_City,0,Unfurnished,6.1,2,53.95
HSE2091,1917.0,2,1,5.3,Tier3_City,4,Semi-Furnished,18.6,1,74.47
HSE2092,2452.0,4,3,9.3,Tier1_City,6,Furnished,0.9,0,237.31
HSE2093,,2,1,4.1,Tier2_City,0,Semi-Furnished,0.2,2,166.47
HSE2094,1711.0,1,1,3.5,Tier2_City,7,Semi-Furnished,1.1,1,109.93
HSE2095,700.0,3,3,19.6,Tier1_City,6,Unfurnished,3.1,1,84.62
HSE2096,1689.0,1,1,24.1,Tier3_City,2,Semi-Furnished,0.3,1,59.19
HSE2097,2328.0,2,2,5.6,Tier1_City,3,Semi-Furnished,2.0,0,198.66
HSE2098,1347.0,2,1,13.9,Tier3_City,5,Unfurnished,2.3,1,53.88
HSE2099,2024.0,5,4,8.1,Tier2_City,4,Semi-Furnished,0.8,1,154.05
HSE2100,988.0,3,3,10.8,Tier1_City,6,Semi-Furnished,3.0,1,121.92
HSE2101,1655.0,4,4,0.1,Tier2_City,7,Semi-Furnished,2.0,2,128.18
HSE2102,300.0,3,2,1.3,Tier1_City,2,Unfurnished,1.2,2,60.98
HSE2103,927.0,5,4,0.6,Tier2_City,0,Furnished,3.2,1,82.58
HSE2104,1447.0,3,3,1.4,Tier3_City,3,Unfurnished,7.3,0,58.34
HSE2105,1250.0,5,4,5.1,Tier2_City,4,Semi-Furnished,6.1,2,105.68
HSE2106,735.0,5,4,12.1,Tier1_City,6,Unfurnished,5.5,2,135.92
HSE2107,1175.0,5,5,0.4,Tier2_City,2,Unfurnished,16.4,0,93.27
HSE2108,1631.0,4,4,2.0,Tier2_City,7,Unfurnished,0.5,2,143.41
HSE2109,1403.0,5,4,2.9,Tier2_City,0,Furnished,2.8,1,120.75
HSE2110,1484.0,4,4,10.0,Tier2_City,4,,0.8,2,120.14
HSE2111,1853.0,2,2,0.6,Tier2_City,3,Unfurnished,13.1,2,114.97
HSE2112,1261.0,1,1,0.2,Tier3_City,5,Semi-Furnished,9.8,2,54.39
HSE2113,2198.0,2,1,,Tier3_City,2,,12.3,2,85.23
HSE2114,906.0,3,2,11.0,Tier2_City,7,Unfurnished,3.6,0,79.46
HSE2115,2510.0,1,1,2.3,Tier1_City,0,Semi-Furnished,2.8,0,198.82
HSE2116,2062.0,2,2,5.6,Tier2_City,6,Furnished,2.6,0,146.43
HSE2117,1254.0,4,3,3.6,Tier2_City,3,Semi-Furnished,5.5,0,98.14
HSE2118,1291.0,2,1,11.9,Tier3_City,4,Unfurnished,5.8,1,61.27
HSE2119,1564.0,4,3,5.4,Tier3_City,2,Semi-Furnished,7.7,0,73.59
HSE2120,1779.0,5,4,24.8,Tier3_City,3,Furnished,2.2,1,99.04
HSE2121,2052.0,1,1,12.8,Tier1_City,3,Unfurnished,11.4,0,144.41
HSE2122,713.0,4,4,15.6,Tier2_City,2,Furnished,12.8,0,55.81
HSE2123,1691.0,5,5,1.0,Tier3_City,0,Semi-Furnished,1.6,2,87.94
HSE2124,300.0,1,1,4.3,Tier1_City,3,Semi-Furnished,4.4,2,36.08
HSE2125,1352.0,4,4,8.2,Tier1_City,3,Semi-Furnished,6.7,1,133.68
HSE2126,2250.0,3,2,25.7,Tier1_City,5,Furnished,4.5,1,189.97
HSE2127,,4,4,0.4,Tier2_City,3,Unfurnished,28.2,0,34.83
HSE2128,570.0,1,1,3.5,Tier2_City,4,Unfurnished,11.8,1,42.4
HSE2129,1571.0,3,3,5.2,Tier1_City,3,Unfurnished,2.3,2,154.5
HSE2130,2213.0,2,1,2.1,Tier2_City,3,Unfurnished,1.9,1,133.37
HSE2131,1629.0,1,1,,Tier3_City,5,Semi-Furnished,1.6,2,70.05
HSE2132,402.0,4,4,2.6,Tier3_City,5,Furnished,1.7,1,45.92
HSE2133,524.0,3,3,16.3,Tier3_City,7,Furnished,0.4,1,34.98
HSE2134,1504.0,5,4,1.6,Tier3_City,3,Unfurnished,9.1,2,88.08
HSE2135,801.0,1,1,1.0,Tier2_City,0,Furnished,0.3,2,52.6
HSE2136,1525.0,4,3,0.2,Tier3_City,4,Unfurnished,1.2,0,73.65
HSE2137,1558.0,4,4,21.5,Tier2_City,3,Semi-Furnished,12.1,1,108.31
HSE2138,1181.0,4,4,1.7,Tier3_City,0,Unfurnished,3.0,2,66.93
HSE2139,2448.0,2,2,5.5,Tier3_City,6,,9.7,0,102.09
HSE2140,1775.0,4,3,11.0,Tier2_City,5,Unfurnished,5.2,2,125.47
HSE2141,2116.0,2,2,7.1,Tier2_City,5,Semi-Furnished,1.2,2,145.66
HSE2142,1956.0,4,4,3.0,Tier1_City,5,Semi-Furnished,2.6,0,200.74
HSE2143,,3,2,,Tier1_City,7,Unfurnished,3.5,0,128.15
HSE2144,1343.0,3,2,2.5,Tier1_City,5,Furnished,8.6,2,152.17
HSE2145,1286.0,3,3,22.8,Tier1_City,5,Unfurnished,1.2,2,127.46
HSE2146,1825.0,1,1,,Tier2_City,6,Unfurnished,15.9,2,110.85
HSE2147,1092.0,2,2,7.9,Tier1_City,5,Unfurnished,1.9,1,96.25
HSE2148,,2,1,5.3,Tier3_City,5,Furnished,6.9,0,98.16
HSE2149,1040.0,5,5,0.4,Tier2_City,0,Furnished,5.6,2,104.53
HSE2150,1568.0,3,2,5.5,Tier3_City,3,Furnished,12.9,0,65.53
HSE2151,1324.0,1,1,4.8,Tier2_City,2,Semi-Furnished,2.1,0,63.57
HSE2152,1202.0,1,1,1.6,Tier1_City,7,Furnished,5.1,2,130.11
HSE2153,2645.0,5,5,1.2,Tier1_City,4,Unfurnished,8.7,1,256.1
HSE2154,1209.0,1,1,0.1,Tier3_City,4,Unfurnished,4.8,2,53.95
HSE2155,1282.0,1,1,22.6,Tier1_City,4,Furnished,6.0,2,109.15
HSE2156,1085.0,2,1,3.4,Tier2_City,5,Unfurnished,4.8,2,79.74
HSE2157,1473.0,2,2,18.7,Tier1_City,6,Semi-Furnished,17.3,2,115.84
HSE2158,1394.0,1,1,7.1,Tier2_City,1,Semi-Furnished,19.6,1,64.98
HSE2159,834.0,5,5,10.6,Tier1_City,7,Furnished,1.9,2,155.48
HSE2160,1217.0,1,1,15.5,Tier2_City,6,Unfurnished,4.2,2,66.37
HSE2161,1785.0,4,3,1.2,Tier1_City,1,Unfurnished,4.3,0,172.29
HSE2162,2015.0,5,4,4.2,Tier3_City,4,Furnished,8.0,1,98.83
HSE2163,1463.0,4,3,2.3,Tier1_City,3,Semi-Furnished,3.1,1,150.14
HSE2164,1482.0,1,1,7.0,Tier1_City,3,Semi-Furnished,5.0,2,136.91
HSE2165,1251.0,4,3,0.2,Tier1_City,6,Semi-Furnished,2.4,1,142.5
HSE2166,1174.0,2,2,5.3,Tier3_City,2,Furnished,6.1,0,54.67
HSE2167,944.0,3,3,3.3,Tier2_City,6,,4.1,0,95.22
HSE2168,594.0,2,2,2.2,Tier2_City,5,Unfurnished,5.9,2,61.24
HSE2169,1064.0,4,3,5.2,Tier2_City,6,Semi-Furnished,0.7,1,94.32
HSE2170,1947.0,3,3,5.3,Tier3_City,5,Unfurnished,5.1,0,85.2
HSE2171,1217.0,1,1,3.9,Tier1_City,4,Unfurnished,2.7,2,107.42
HSE2172,1260.0,3,2,6.0,Tier3_City,1,Semi-Furnished,12.8,1,60.63
HSE2173,1249.0,4,3,1.0,Tier3_City,7,Unfurnished,1.2,1,70.9
HSE2174,2135.0,5,4,11.6,Tier1_City,5,Semi-Furnished,10.9,1,192.61
HSE2175,939.0,5,5,12.4,Tier1_City,2,Semi-Furnished,0.5,0,129.98
HSE2176,1602.0,1,1,17.6,Tier2_City,2,Semi-Furnished,0.3,0,75.62
HSE2177,1412.0,5,5,7.3,Tier1_City,0,Unfurnished,7.9,2,136.98
HSE2178,1487.0,3,2,2.5,Tier1_City,2,Furnished,1.2,2,156.67
HSE2179,1584.0,4,4,23.0,Tier2_City,1,Furnished,0.2,2,113.76
HSE2180,1481.0,2,2,,Tier1_City,7,Semi-Furnished,2.6,2,139.78
HSE2181,1886.0,4,3,4.6,Tier2_City,3,,3.8,1,135.38
HSE2182,1434.0,2,2,1.8,Tier2_City,5,Furnished,1.5,1,113.18
HSE2183,2409.0,3,2,6.7,Tier2_City,6,Furnished,4.5,2,158.35
HSE2184,1474.0,2,2,23.0,Tier2_City,7,Unfurnished,4.3,0,98.06
HSE2185,513.0,2,2,5.5,Tier2_City,3,Semi-Furnished,8.4,2,47.91
HSE2186,1801.0,3,3,19.6,Tier2_City,0,Semi-Furnished,11.1,0,89.97
HSE2187,1666.0,5,5,14.3,Tier3_City,4,Unfurnished,8.4,0,88.56
HSE2188,1468.0,4,4,26.8,Tier2_City,7,,7.7,1,94.82
HSE2189,1307.0,4,4,13.6,Tier2_City,2,,6.5,2,102.88
HSE2190,300.0,2,2,3.3,Tier3_City,0,,4.6,1,19.59
HSE2191,379.0,3,3,14.6,Tier2_City,5,Semi-Furnished,0.2,2,57.34
HSE2192,2356.0,3,3,1.8,Tier1_City,4,Semi-Furnished,7.7,2,210.14
HSE2193,,4,3,0.5,Tier1_City,1,Unfurnished,1.8,2,124.09
HSE2194,,1,1,6.3,Tier2_City,0,Furnished,0.6,2,118.28
HSE2195,568.0,1,1,10.4,Tier2_City,4,Semi-Furnished,0.2,0,39.47
HSE2196,874.0,3,2,20.2,Tier3_City,1,Semi-Furnished,0.9,2,48.92
HSE2197,1823.0,5,5,0.4,Tier2_City,1,Semi-Furnished,1.2,1,133.4
HSE2198,1394.0,4,4,4.3,Tier1_City,2,Furnished,0.4,0,158.68
HSE2199,1746.0,5,5,8.1,Tier3_City,3,Unfurnished,8.0,2,89.12
HSE2200,1443.0,2,2,2.6,Tier2_City,6,Semi-Furnished,4.5,0,100.47
HSE2201,1336.0,2,2,11.6,Tier3_City,3,Furnished,0.9,1,69.99
HSE2202,1076.0,4,3,1.2,Tier3_City,6,Unfurnished,4.3,1,58.46
HSE2203,793.0,1,1,17.2,Tier2_City,4,Furnished,0.2,0,58.4
HSE2204,2221.0,5,5,13.1,Tier2_City,3,Semi-Furnished,10.3,1,140.02
HSE2205,2312.0,4,4,3.4,Tier2_City,4,Semi-Furnished,4.0,0,154.72
HSE2206,879.0,3,2,5.4,Tier1_City,1,Furnished,4.2,2,90.72
HSE2207,843.0,1,1,1.3,Tier2_City,7,Furnished,1.4,2,75.36
HSE2208,1259.0,2,2,19.6,Tier1_City,2,Furnished,4.3,2,107.45
HSE2209,1637.0,5,4,5.2,Tier1_City,7,Unfurnished,3.7,1,198.66
HSE2210,1350.0,1,1,3.7,Tier2_City,5,Unfurnished,10.7,0,76.34
HSE2211,1725.0,1,1,15.7,Tier2_City,2,Furnished,1.8,2,105.54
HSE2212,1423.0,2,1,4.2,Tier3_City,3,Furnished,12.3,0,54.95
HSE2213,1387.0,2,2,0.7,Tier2_City,0,Unfurnished,18.7,1,75.4
HSE2214,2777.0,4,3,7.6,Tier3_City,4,Furnished,3.6,0,134.19
HSE2215,1161.0,1,1,2.3,Tier2_City,0,Semi-Furnished,20.3,2,60.73
HSE2216,2352.0,4,3,7.5,Tier3_City,5,Unfurnished,12.8,0,93.17
HSE2217,2246.0,4,3,5.5,Tier2_City,1,Furnished,4.6,0,145.02
HSE2218,1727.0,2,1,0.6,Tier3_City,1,Unfurnished,6.2,2,71.76
HSE2219,391.0,3,3,16.8,Tier2_City,1,Furnished,4.1,2,40.45
HSE2220,1467.0,4,3,7.0,Tier3_City,0,Unfurnished,7.6,2,79.76
HSE2221,1167.0,5,4,11.3,Tier2_City,7,Semi-Furnished,0.3,2,110.1
HSE2222,1461.0,4,3,35.9,Tier1_City,7,Furnished,4.0,0,138.39
HSE2223,865.0,5,5,6.3,Tier2_City,7,Semi-Furnished,0.2,1,97.72
HSE2224,1866.0,1,1,1.0,Tier2_City,5,Unfurnished,22.4,2,97.29
HSE2225,1992.0,4,4,18.2,Tier1_City,1,Semi-Furnished,13.9,0,173.33
HSE2226,2094.0,4,3,19.0,Tier2_City,6,Furnished,1.1,2,150.4
HSE2227,1240.0,2,2,2.1,Tier1_City,6,Unfurnished,1.4,2,129.28
HSE2228,867.0,2,2,4.0,Tier3_City,1,Furnished,3.1,2,44.18
HSE2229,1643.0,1,1,2.7,Tier2_City,6,Furnished,6.4,2,119.16
HSE2230,2416.0,5,5,2.1,Tier1_City,7,Furnished,5.8,2,257.51
HSE2231,1488.0,5,5,,Tier3_City,3,Unfurnished,1.9,1,77.29
HSE2232,1699.0,1,1,1.7,Tier2_City,4,Furnished,2.8,0,93.31
HSE2233,1321.0,2,2,6.2,Tier2_City,6,Furnished,0.9,1,102.3
HSE2234,1173.0,3,3,2.7,Tier2_City,2,Unfurnished,1.3,2,87.66
HSE2235,1812.0,5,5,5.3,Tier1_City,7,Semi-Furnished,1.5,2,194.56
HSE2236,1392.0,5,4,25.4,Tier1_City,2,Semi-Furnished,15.6,0,126.97
HSE2237,1672.0,5,5,7.6,Tier3_City,7,Semi-Furnished,13.0,2,89.09
HSE2238,1729.0,5,5,4.6,Tier3_City,1,Furnished,7.0,0,99.94
HSE2239,1641.0,4,4,2.8,Tier3_City,5,Semi-Furnished,6.8,1,94.08
HSE2240,1757.0,2,1,9.3,Tier1_City,4,Semi-Furnished,3.0,1,145.88
HSE2241,,4,3,9.8,Tier3_City,2,,0.4,1,64.98
HSE2242,947.0,3,3,11.0,Tier2_City,3,Unfurnished,4.5,1,80.61
HSE2243,1427.0,5,5,3.3,Tier2_City,1,Semi-Furnished,0.5,0,114.08
HSE2244,1440.0,3,3,2.3,Tier1_City,5,Furnished,0.2,0,152.06
HSE2245,1163.0,4,3,2.7,Tier3_City,7,Semi-Furnished,1.4,2,66.09
HSE2246,1583.0,1,1,7.2,Tier3_City,4,Unfurnished,4.5,1,65.04
HSE2247,1950.0,4,3,9.6,Tier1_City,2,Unfurnished,9.5,2,161.08
HSE2248,2103.0,3,2,9.1,Tier3_City,5,Unfurnished,3.1,2,96.28
HSE2249,2227.0,3,2,6.0,Tier2_City,3,Unfurnished,7.9,1,128.76
HSE2250,727.0,4,3,27.3,Tier1_City,7,Unfurnished,0.5,0,78.86
HSE2251,810.0,3,2,3.6,Tier1_City,2,Unfurnished,2.5,0,81.23
HSE2252,1291.0,1,1,20.8,Tier2_City,4,Semi-Furnished,7.5,1,58.89
HSE2253,1494.0,2,2,4.5,Tier1_City,3,Furnished,1.7,0,139.15
HSE2254,1319.0,5,5,5.8,Tier1_City,7,Semi-Furnished,10.2,1,739.0189865768921
HSE2255,1146.0,5,4,45.0,Tier3_City,0,Furnished,0.2,0,51.83
HSE2256,1283.0,4,4,8.0,Tier2_City,4,Furnished,24.1,1,88.59
HSE2257,1716.0,4,4,17.9,Tier3_City,6,Semi-Furnished,14.9,2,74.75
HSE2258,719.0,2,1,13.0,Tier2_City,2,Semi-Furnished,9.9,1,49.87
HSE2259,,4,4,6.4,Tier2_City,4,Unfurnished,2.2,2,179.01
HSE2260,1462.0,3,3,4.8,Tier3_City,2,Semi-Furnished,0.2,1,81.84
HSE2261,2028.0,1,1,9.4,Tier1_City,3,Furnished,1.6,1,172.91
HSE2262,1131.0,5,4,9.1,Tier1_City,7,Unfurnished,6.6,1,139.24
HSE2263,1766.0,5,4,15.7,Tier2_City,2,Semi-Furnished,4.4,0,118.76
HSE2264,1505.0,1,1,10.9,Tier3_City,1,Furnished,0.7,1,66.47
HSE2265,1921.0,3,2,5.2,Tier2_City,4,Semi-Furnished,0.6,0,129.57
HSE2266,1341.0,4,4,10.9,Tier3_City,3,Furnished,10.7,0,72.58
HSE2267,2303.0,4,4,,Tier3_City,6,Unfurnished,2.8,2,120.84
HSE2268,629.0,1,1,1.2,Tier2_City,0,Furnished,2.7,0,41.2
HSE2269,1972.0,1,1,8.6,Tier2_City,7,Unfurnished,3.6,0,119.1
HSE2270,1515.0,5,5,1.5,Tier1_City,5,Semi-Furnished,18.5,1,166.56
HSE2271,890.0,5,5,,Tier2_City,6,,12.1,1,91.11
HSE2272,2524.0,4,4,7.3,Tier1_City,3,Furnished,21.4,0,205.88
HSE2273,2467.0,4,4,8.7,Tier2_City,3,Semi-Furnished,14.3,2,151.69
HSE2274,309.0,4,3,1.7,Tier1_City,2,Semi-Furnished,4.0,2,68.6
HSE2275,1547.0,3,3,8.7,Tier3_City,6,Semi-Furnished,4.9,1,75.35
HSE2276,1838.0,4,3,9.2,Tier2_City,0,Unfurnished,5.4,1,109.0
HSE2277,1693.0,2,1,3.7,Tier2_City,4,Unfurnished,4.4,2,105.86
HSE2278,2284.0,1,1,12.9,Tier2_City,2,Semi-Furnished,5.9,2,119.33
HSE2279,2169.0,2,2,0.6,Tier1_City,5,Unfurnished,6.3,0,187.46
HSE2280,,2,1,9.0,Tier2_City,7,Furnished,9.5,0,103.9
HSE2281,2702.0,2,2,0.6,Tier3_City,5,Unfurnished,3.9,0,113.44
HSE2282,1965.0,3,2,,Tier2_City,0,Semi-Furnished,8.1,0,116.54
HSE2283,1257.0,1,1,2.4,Tier2_City,3,Furnished,4.0,2,87.76
HSE2284,1146.0,3,2,14.5,Tier3_City,0,Semi-Furnished,19.5,1,38.63
HSE2285,2134.0,3,2,0.7,Tier1_City,3,Furnished,6.7,2,208.19
HSE2286,1014.0,1,1,,Tier3_City,1,Unfurnished,6.1,2,35.72
HSE2287,1225.0,3,2,6.6,Tier1_City,5,Semi-Furnished,3.3,2,137.49
HSE2288,1318.0,4,3,0.4,Tier3_City,4,Furnished,1.0,2,76.03
HSE2289,1646.0,3,3,2.4,Tier3_City,2,Unfurnished,0.7,1,82.29
HSE2290,1344.0,1,1,14.0,Tier3_City,6,Furnished,1.1,2,62.01
HSE2291,726.0,4,3,3.5,Tier1_City,5,Furnished,12.5,0,90.08
HSE2292,2089.0,3,3,12.9,Tier2_City,5,Unfurnished,1.1,0,124.71
HSE2293,1228.0,3,2,1.8,Tier3_City,2,Furnished,12.2,1,54.37
HSE2294,2561.0,1,1,10.0,Tier2_City,2,Unfurnished,3.3,2,135.69
HSE2295,1617.0,1,1,2.5,Tier2_City,4,Semi-Furnished,9.9,0,102.97
HSE2296,2147.0,1,1,1.5,Tier2_City,6,Furnished,5.4,1,132.01
HSE2297,1797.0,5,5,4.0,Tier1_City,6,Semi-Furnished,5.8,0,175.66
HSE2298,2173.0,2,1,7.0,Tier2_City,6,Semi-Furnished,8.3,2,136.4
HSE2299,1764.0,3,2,0.6,Tier1_City,0,Semi-Furnished,2.4,1,151.38
HSE2300,1579.0,4,4,2.8,Tier2_City,7,Semi-Furnished,0.5,0,136.23
HSE2301,2051.0,4,4,2.7,Tier2_City,1,Unfurnished,6.3,0,129.12
HSE2302,2817.0,1,1,2.1,Tier1_City,0,Semi-Furnished,2.8,1,214.94
HSE2303,1302.0,5,5,4.2,Tier1_City,4,Unfurnished,5.1,0,161.37
HSE2304,1887.0,2,2,0.5,Tier3_City,3,Furnished,7.0,0,87.53
HSE2305,1447.0,4,3,17.2,Tier2_City,0,Unfurnished,1.5,0,82.16
HSE2306,1728.0,5,4,9.2,Tier2_City,1,Furnished,3.2,0,120.78
HSE2307,1473.0,3,2,0.5,Tier3_City,1,Unfurnished,2.5,1,60.24
HSE2308,300.0,1,1,1.3,Tier2_City,3,Semi-Furnished,0.5,2,55.52
HSE2309,1340.0,3,2,,Tier2_City,5,,3.5,2,103.43
HSE2310,2000.0,2,2,3.3,Tier2_City,5,Semi-Furnished,6.9,1,135.45
HSE2311,1029.0,5,4,39.3,Tier1_City,0,Unfurnished,0.2,2,89.37
HSE2312,1957.0,4,3,9.2,Tier2_City,1,Unfurnished,3.1,2,120.27
HSE2313,1551.0,5,5,1.1,Tier1_City,4,Unfurnished,2.5,0,174.75
HSE2314,1345.0,5,5,3.5,Tier3_City,6,Semi-Furnished,5.2,2,84.5
HSE2315,1948.0,1,1,3.6,Tier2_City,0,Semi-Furnished,0.9,0,115.61
HSE2316,,1,1,12.6,Tier1_City,2,Furnished,1.5,2,161.04
HSE2317,1681.0,4,4,3.9,Tier2_City,0,Semi-Furnished,6.6,2,114.85
HSE2318,2009.0,4,4,5.4,Tier1_City,3,Semi-Furnished,3.4,0,180.57
HSE2319,1562.0,5,4,16.7,Tier2_City,3,Unfurnished,4.4,0,100.08
HSE2320,545.0,4,4,2.7,Tier3_City,1,Unfurnished,5.7,1,28.71
HSE2321,1242.0,5,5,14.5,Tier3_City,7,Semi-Furnished,0.6,2,80.5
HSE2322,458.0,2,2,4.5,Tier2_City,6,Unfurnished,6.1,1,45.0
HSE2323,1812.0,1,1,2.3,Tier2_City,4,Semi-Furnished,6.9,0,98.08
HSE2324,1943.0,1,1,4.8,Tier2_City,6,Furnished,3.8,1,116.53
HSE2325,1968.0,3,3,7.2,Tier1_City,2,Furnished,5.1,1,182.61
HSE2326,1719.0,1,1,6.9,Tier2_City,7,Semi-Furnished,13.6,2,97.51
HSE2327,1982.0,3,2,5.3,Tier2_City,3,Furnished,12.6,0,121.09
HSE2328,583.0,3,3,1.4,Tier1_City,3,Unfurnished,6.3,0,70.3
HSE2329,1391.0,2,1,19.4,Tier1_City,4,Unfurnished,8.8,2,107.63
HSE2330,672.0,3,3,3.0,Tier1_City,4,Semi-Furnished,12.5,2,79.93
HSE2331,1253.0,4,3,7.9,Tier1_City,4,Unfurnished,10.1,1,118.97
HSE2332,2339.0,1,1,6.7,Tier1_City,6,Unfurnished,6.9,2,168.86
HSE2333,2051.0,3,3,3.1,Tier2_City,2,Furnished,8.6,0,132.26
HSE2334,1814.0,5,5,17.8,Tier2_City,5,Semi-Furnished,7.3,0,129.85
HSE2335,1350.0,2,2,0.9,Tier2_City,1,Unfurnished,4.9,1,83.47
HSE2336,,4,3,4.4,Tier1_City,1,Furnished,4.4,2,135.75
HSE2337,1553.0,2,1,17.3,Tier2_City,3,Semi-Furnished,11.3,1,84.22
HSE2338,2061.0,2,2,0.4,Tier3_City,4,Unfurnished,9.2,1,85.19
HSE2339,1675.0,5,5,16.6,Tier1_City,5,Unfurnished,1.9,2,183.62
HSE2340,578.0,2,1,,Tier1_City,1,Unfurnished,10.3,0,64.39
HSE2341,1508.0,5,4,5.1,Tier2_City,6,Unfurnished,24.9,1,102.62
HSE2342,398.0,4,3,6.0,Tier1_City,4,,4.7,2,66.36
HSE2343,1892.0,5,4,0.4,Tier1_City,4,Unfurnished,4.4,0,197.11
HSE2344,1069.0,5,5,,Tier2_City,5,Unfurnished,3.3,1,96.35
HSE2345,,5,4,1.7,Tier2_City,5,Furnished,8.0,1,76.73
HSE2346,1900.0,3,3,18.0,Tier3_City,3,Furnished,1.4,0,94.42
HSE2347,1758.0,5,5,8.7,Tier3_City,3,Furnished,0.7,0,104.42
HSE2348,1578.0,1,1,3.1,Tier2_City,1,Unfurnished,3.2,1,82.34
HSE2349,2655.0,3,2,3.2,Tier2_City,4,Unfurnished,18.5,2,144.02
HSE2350,1799.0,2,1,0.8,Tier3_City,1,,5.3,1,73.57
HSE2351,1095.0,1,1,1.2,Tier2_City,5,Semi-Furnished,8.7,2,68.35
HSE2352,1736.0,5,4,14.2,Tier3_City,3,Semi-Furnished,7.6,2,86.27
HSE2353,1293.0,5,4,0.2,Tier3_City,1,Furnished,2.2,0,75.23
HSE2354,2147.0,4,3,3.1,Tier1_City,3,Unfurnished,7.0,2,193.45
HSE2355,1605.0,4,3,17.1,Tier1_City,7,Semi-Furnished,1.3,1,154.37
HSE2356,1659.0,4,4,13.9,Tier1_City,4,Unfurnished,0.4,1,172.98
HSE2357,657.0,2,2,5.2,Tier3_City,2,Semi-Furnished,1.3,2,46.46
HSE2358,1484.0,4,4,21.6,Tier1_City,3,Furnished,5.8,0,143.08
HSE2359,1419.0,5,4,19.8,Tier2_City,4,Furnished,2.8,0,111.46
HSE2360,887.0,2,2,16.3,Tier2_City,1,Unfurnished,3.8,2,57.74
HSE2361,1328.0,2,2,5.0,Tier3_City,4,Furnished,3.6,1,67.78
HSE2362,,1,1,0.2,Tier3_City,0,Unfurnished,3.5,1,73.67
HSE2363,1448.0,5,4,14.7,Tier1_City,6,Semi-Furnished,8.2,1,144.53
HSE2364,673.0,3,2,1.5,Tier1_City,4,Semi-Furnished,5.6,1,97.92
HSE2365,1300.0,3,2,,Tier2_City,0,Semi-Furnished,20.9,1,71.73
HSE2366,1193.0,2,1,7.9,Tier3_City,3,Furnished,3.8,1,52.56
HSE2367,1556.0,1,1,7.0,Tier2_City,7,Semi-Furnished,6.0,1,114.44
HSE2368,1497.0,5,5,18.4,Tier2_City,7,Semi-Furnished,10.3,0,129.94
HSE2369,1224.0,5,5,3.2,Tier3_City,1,Semi-Furnished,0.2,1,75.62
HSE2370,1202.0,2,2,25.5,Tier2_City,2,Semi-Furnished,0.4,2,76.74
HSE2371,1487.0,4,3,1.5,Tier1_City,1,Semi-Furnished,6.0,2,149.0
HSE2372,1980.0,3,2,3.9,Tier3_City,2,Semi-Furnished,0.6,1,89.94
HSE2373,1603.0,4,4,1.7,Tier2_City,6,Unfurnished,2.4,1,118.42
HSE2374,2233.0,1,1,17.0,Tier3_City,5,Furnished,15.0,1,76.11
HSE2375,2073.0,4,4,5.4,Tier2_City,2,,15.4,2,145.89
HSE2376,2273.0,1,1,3.9,Tier2_City,2,Furnished,0.4,0,135.63
HSE2377,2203.0,2,1,19.0,Tier1_City,4,Furnished,3.5,1,181.65
HSE2378,2310.0,2,2,1.6,Tier2_City,4,Furnished,4.7,2,146.16
HSE2379,816.0,2,2,1.7,Tier1_City,3,Semi-Furnished,12.2,1,81.94
HSE2380,1806.0,5,5,3.6,Tier2_City,3,Furnished,11.1,1,127.1
HSE2381,2120.0,1,1,8.6,Tier1_City,7,Unfurnished,4.2,0,162.31
HSE2382,2219.0,5,4,0.1,Tier1_City,4,Unfurnished,3.8,2,212.52
HSE2383,1026.0,1,1,1.5,Tier2_City,6,Furnished,2.9,1,89.99
HSE2384,1812.0,5,4,13.3,Tier2_City,7,Semi-Furnished,6.7,1,124.96
HSE2385,,2,1,6.8,Tier2_City,2,Furnished,3.0,1,90.05
HSE2386,2466.0,5,5,1.7,Tier2_City,6,Furnished,0.7,2,178.03
HSE2387,687.0,3,2,10.0,Tier2_City,6,Unfurnished,3.9,0,52.15
HSE2388,1027.0,3,3,1.0,Tier2_City,1,Semi-Furnished,2.4,2,82.25
HSE2389,,1,1,9.3,Tier2_City,1,Furnished,14.8,0,27.88
HSE2390,1530.0,3,3,3.6,Tier1_City,1,Unfurnished,2.7,0,137.22
HSE2391,2695.0,3,2,19.7,Tier2_City,4,Unfurnished,0.9,1,153.97
HSE2392,1426.0,5,4,2.3,Tier3_City,6,Semi-Furnished,19.2,2,78.85
HSE2393,1506.0,2,2,3.7,Tier2_City,6,Unfurnished,14.2,0,86.14
HSE2394,1753.0,1,1,3.9,Tier3_City,3,Unfurnished,2.7,2,83.98
HSE2395,1386.0,2,2,0.9,Tier1_City,5,Unfurnished,2.0,1,130.38
HSE2396,1651.0,2,2,1.7,Tier2_City,0,Semi-Furnished,3.0,0,104.71
HSE2397,1666.0,5,4,4.1,Tier2_City,5,Unfurnished,9.3,1,129.49
HSE2398,,1,1,1.8,Tier2_City,3,Semi-Furnished,9.2,1,57.05
HSE2399,1398.0,5,4,3.2,Tier2_City,6,Semi-Furnished,0.2,1,127.79
HSE2400,1858.0,1,1,20.4,Tier1_City,7,Furnished,7.4,2,149.32
HSE2401,1961.0,5,5,5.4,Tier2_City,4,Semi-Furnished,0.5,2,156.84
HSE2402,2164.0,3,3,3.8,Tier2_City,4,Furnished,3.2,0,148.45
HSE2403,1634.0,1,1,4.3,Tier2_City,7,Furnished,1.5,2,115.41
HSE2404,1646.0,4,4,0.3,Tier1_City,2,Semi-Furnished,1.2,0,162.33
HSE2405,1863.0,4,3,8.5,Tier1_City,1,Unfurnished,4.9,2,186.86
HSE2406,1123.0,5,5,1.7,Tier3_City,4,Furnished,9.2,2,79.16
HSE2407,1100.0,1,1,32.1,Tier1_City,2,Semi-Furnished,3.5,2,57.86
HSE2408,1381.0,4,3,0.2,Tier2_City,5,Unfurnished,8.3,0,99.48
HSE2409,749.0,3,2,12.3,Tier1_City,6,Semi-Furnished,4.6,0,73.72
HSE2410,1674.0,3,2,20.6,Tier2_City,4,Unfurnished,5.4,2,106.23
HSE2411,2027.0,5,4,0.5,Tier2_City,2,Semi-Furnished,2.1,0,148.41
HSE2412,1059.0,3,3,22.3,Tier3_City,4,Semi-Furnished,15.5,1,43.64
HSE2413,1689.0,2,1,1.8,Tier2_City,3,Furnished,15.2,0,93.3
HSE2414,1104.0,3,3,2.8,Tier1_City,1,Semi-Furnished,4.3,0,110.47
HSE2415,891.0,5,4,16.3,Tier1_City,6,Semi-Furnished,3.9,0,126.09
HSE2416,2581.0,5,4,2.3,Tier1_City,2,Furnished,0.2,0,264.04
HSE2417,899.0,4,4,16.5,Tier2_City,4,Furnished,2.5,2,92.71
HSE2418,746.0,1,1,1.4,Tier3_City,7,Semi-Furnished,12.9,0,28.32
HSE2419,1568.0,2,1,8.8,Tier1_City,1,Unfurnished,11.5,2,113.74
HSE2420,1598.0,1,1,5.9,Tier2_City,3,Semi-Furnished,3.2,0,95.85
HSE2421,1817.0,1,1,18.7,Tier2_City,1,Unfurnished,0.3,1,88.18
HSE2422,,5,5,6.3,Tier2_City,3,Unfurnished,14.8,0,147.34
HSE2423,1023.0,5,4,14.5,Tier2_City,2,Furnished,1.7,2,87.55
HSE2424,1132.0,1,1,1.6,Tier2_City,7,Unfurnished,1.2,0,89.1
HSE2425,2335.0,3,3,1.8,Tier1_City,2,Unfurnished,19.9,2,172.06
HSE2426,1967.0,2,1,6.4,Tier2_City,4,Semi-Furnished,4.0,2,124.21
HSE2427,1890.0,1,1,45.0,Tier2_City,1,Semi-Furnished,10.0,1,72.32
HSE2428,1126.0,2,2,3.2,Tier2_City,3,Semi-Furnished,10.2,1,73.64
HSE2429,2069.0,1,1,8.9,Tier1_City,6,Unfurnished,14.0,0,145.74
HSE2430,1892.0,4,4,0.5,Tier2_City,5,Semi-Furnished,1.2,2,153.48
HSE2431,1554.0,5,5,0.0,Tier3_City,2,Semi-Furnished,2.9,2,91.31
HSE2432,1128.0,3,2,22.8,Tier2_City,7,Unfurnished,0.3,1,76.07
HSE2433,1509.0,2,1,1.2,Tier1_City,6,Semi-Furnished,5.9,2,148.0
HSE2434,2357.0,3,2,19.0,Tier3_City,3,Furnished,22.0,2,82.49
HSE2435,848.0,5,4,11.7,Tier1_City,7,Semi-Furnished,5.6,1,128.11
HSE2436,1010.0,1,1,4.1,Tier3_City,1,,5.9,0,33.93
HSE2437,1105.0,4,3,20.6,Tier1_City,2,Semi-Furnished,9.2,0,93.46
HSE2438,1224.0,1,1,14.8,Tier3_City,7,Semi-Furnished,4.4,2,58.3
HSE2439,1441.0,2,1,0.3,Tier1_City,7,Semi-Furnished,3.5,2,145.92
HSE2440,1977.0,3,2,3.8,Tier2_City,6,Semi-Furnished,4.8,0,130.66
HSE2441,1704.0,2,2,3.1,Tier3_City,1,Unfurnished,1.9,2,79.91
HSE2442,1483.0,1,1,1.6,Tier2_City,1,Semi-Furnished,2.0,2,86.19
HSE2443,1602.0,4,3,0.4,Tier1_City,5,Semi-Furnished,3.3,1,179.78
HSE2444,1793.0,4,3,11.3,Tier1_City,0,Unfurnished,3.9,1,165.81
HSE2445,525.0,3,3,15.2,Tier1_City,7,Furnished,8.5,2,95.15
HSE2446,2039.0,3,3,1.7,Tier1_City,7,Furnished,4.1,2,233.15
HSE2447,995.0,1,1,4.1,Tier2_City,6,Unfurnished,14.2,1,52.3
HSE2448,1206.0,4,3,21.5,Tier2_City,7,Unfurnished,6.3,1,81.22
HSE2449,1637.0,2,1,7.1,Tier3_City,1,Semi-Furnished,10.3,2,69.06
HSE2450,1409.0,2,1,1.3,Tier3_City,7,Furnished,1.7,2,82.26
HSE2451,1718.0,5,4,8.7,Tier3_City,2,Furnished,5.7,1,86.62
HSE2452,1528.0,4,4,0.9,Tier2_City,0,Furnished,20.9,1,103.92
HSE2453,1291.0,4,3,8.0,Tier2_City,2,Semi-Furnished,0.2,2,122.52
HSE2454,2291.0,2,2,2.1,Tier2_City,6,Semi-Furnished,4.6,0,146.17
HSE2455,1839.0,3,2,0.8,Tier2_City,7,Furnished,3.3,2,147.18
HSE2456,1616.0,1,1,5.3,Tier1_City,4,Semi-Furnished,0.4,0,154.88
HSE2457,1831.0,2,2,,Tier3_City,1,Unfurnished,0.6,2,89.93
HSE2458,1062.0,5,5,0.8,Tier2_City,4,Unfurnished,5.2,2,808.339305336241
HSE2459,2646.0,3,3,5.4,Tier1_City,4,Unfurnished,7.5,0,231.67
HSE2460,852.0,4,3,4.3,Tier2_City,4,Semi-Furnished,14.3,2,67.7
HSE2461,1512.0,4,4,3.3,Tier1_City,2,Semi-Furnished,9.9,2,155.01
HSE2462,1292.0,5,4,13.2,Tier2_City,1,,19.7,1,80.67
HSE2463,1272.0,1,1,5.3,Tier2_City,2,Furnished,0.2,1,72.65
HSE2464,1200.0,3,2,3.5,Tier3_City,7,Unfurnished,21.1,1,45.15
HSE2465,1026.0,5,4,0.8,Tier2_City,3,Unfurnished,5.8,0,93.13
HSE2466,2104.0,1,1,0.3,Tier2_City,0,Semi-Furnished,5.4,1,121.1
HSE2467,787.0,5,4,10.5,Tier2_City,2,Furnished,2.6,2,78.96
HSE2468,1991.0,3,3,3.2,Tier3_City,3,Furnished,7.0,1,101.68
HSE2469,1807.0,2,2,13.3,Tier3_City,4,Unfurnished,18.1,1,58.87
HSE2470,1241.0,4,3,0.1,Tier2_City,5,Furnished,6.3,1,110.58
HSE2471,,5,4,22.2,Tier2_City,3,Furnished,1.8,1,125.24
HSE2472,1363.0,1,1,4.6,Tier2_City,1,Semi-Furnished,6.3,2,80.83
HSE2473,844.0,4,4,,Tier3_City,3,Unfurnished,4.4,1,58.05
HSE2474,850.0,5,5,8.3,Tier3_City,0,Furnished,2.3,0,63.02
HSE2475,1810.0,4,3,4.8,Tier2_City,4,Furnished,4.8,0,137.12
HSE2476,1782.0,3,2,45.0,Tier2_City,3,Unfurnished,3.3,2,93.81
HSE2477,1583.0,1,1,5.5,Tier1_City,2,Unfurnished,1.8,0,110.82
HSE2478,1235.0,3,3,10.9,Tier1_City,5,Semi-Furnished,0.3,1,146.51
HSE2479,1345.0,5,4,3.4,Tier1_City,6,Unfurnished,1.0,2,157.76
HSE2480,1271.0,4,3,10.3,Tier1_City,2,Semi-Furnished,11.8,0,116.48
HSE2481,489.0,3,2,9.8,Tier2_City,4,Unfurnished,3.4,0,42.09
HSE2482,1484.0,2,1,11.4,Tier2_City,4,Semi-Furnished,2.1,1,97.56
HSE2483,1737.0,5,5,5.7,Tier2_City,4,Unfurnished,4.7,1,128.56
HSE2484,1487.0,5,4,2.8,Tier2_City,3,Unfurnished,6.8,0,110.48
HSE2485,2423.0,2,2,0.8,Tier1_City,1,Semi-Furnished,6.0,1,215.46
HSE2486,897.0,5,4,20.7,Tier2_City,1,Furnished,2.0,2,74.39
HSE2487,1086.0,2,1,3.4,Tier1_City,0,Unfurnished,29.7,0,50.64
HSE2488,1523.0,5,5,1.7,Tier1_City,0,Furnished,2.0,1,166.46
HSE2489,1584.0,5,4,1.1,Tier3_City,6,Unfurnished,2.2,0,92.76
HSE2490,404.0,4,3,3.4,Tier1_City,0,Semi-Furnished,3.2,2,67.82
HSE2491,1781.0,3,3,0.9,Tier1_City,6,Furnished,13.9,1,174.6
HSE2492,1587.0,2,2,1.3,Tier2_City,7,,5.0,2,102.04
HSE2493,300.0,1,1,8.0,Tier2_City,1,Semi-Furnished,1.3,2,36.91
HSE2494,1386.0,1,1,2.2,Tier2_City,3,Unfurnished,2.9,0,81.94
HSE2495,1005.0,5,4,33.1,Tier2_City,2,Furnished,1.5,2,83.93
HSE2496,1201.0,4,3,7.9,Tier2_City,3,Furnished,3.3,0,103.78
HSE2497,714.0,2,2,8.8,Tier2_City,2,Furnished,2.9,1,50.99
HSE2498,1679.0,3,2,2.8,Tier3_City,2,Semi-Furnished,0.4,0,76.73
HSE2499,2419.0,5,5,1.9,Tier1_City,5,Unfurnished,2.2,0,241.26
HSE2500,1596.0,4,3,7.5,Tier2_City,3,Semi-Furnished,6.8,1,100.62
HSE2501,300.0,5,5,15.7,Tier1_City,1,Furnished,11.7,1,48.58
HSE2502,1607.0,1,1,,Tier1_City,3,Unfurnished,2.7,1,116.28
HSE2503,1343.0,1,1,4.1,Tier3_City,7,Furnished,3.4,1,62.13
HSE2504,844.0,4,4,,Tier2_City,7,Semi-Furnished,10.5,2,83.16
HSE2505,1644.0,3,3,0.8,Tier1_City,0,Unfurnished,7.3,1,149.01
HSE2506,1934.0,4,4,10.7,Tier2_City,4,Unfurnished,16.0,1,124.1
HSE2507,1082.0,5,5,5.7,Tier1_City,7,Semi-Furnished,3.4,1,170.66
HSE2508,546.0,1,1,15.4,Tier2_City,1,Unfurnished,0.8,0,26.79
HSE2509,344.0,5,5,2.2,Tier2_City,0,Semi-Furnished,0.9,1,63.53
HSE2510,1084.0,1,1,,Tier3_City,1,Furnished,3.0,2,49.32
HSE2511,1364.0,3,3,23.9,Tier1_City,2,Furnished,9.3,0,117.15
HSE2512,1166.0,5,4,,Tier1_City,7,Unfurnished,10.2,1,148.31
HSE2513,1074.0,4,3,5.2,Tier3_City,2,Semi-Furnished,2.0,2,68.88
HSE2514,1762.0,2,2,1.2,Tier3_City,2,Unfurnished,1.4,0,80.33
HSE2515,1705.0,4,4,12.5,Tier1_City,2,Furnished,11.6,1,165.55
HSE2516,1560.0,5,5,1.7,Tier2_City,3,Furnished,7.1,0,138.25
HSE2517,1899.0,2,2,9.8,Tier3_City,7,Unfurnished,0.7,1,86.17
HSE2518,1089.0,5,5,9.8,Tier2_City,0,Unfurnished,3.3,1,84.48
HSE2519,848.0,4,3,12.7,Tier2_City,3,Furnished,5.7,2,75.48
HSE2520,1163.0,1,1,5.9,Tier2_City,4,Furnished,12.2,0,68.21
HSE2521,1125.0,2,1,0.2,Tier3_City,0,Unfurnished,0.8,1,45.43
HSE2522,322.0,5,5,0.2,Tier2_City,0,Semi-Furnished,12.0,2,49.35
HSE2523,1150.0,2,2,17.1,Tier1_City,7,Semi-Furnished,1.1,0,102.73
HSE2524,2058.0,5,5,18.4,Tier2_City,2,Furnished,2.2,1,149.8
HSE2525,1890.0,3,3,15.5,Tier2_City,1,Unfurnished,9.0,0,106.49
HSE2526,1739.0,2,2,7.1,Tier2_City,2,Furnished,22.1,1,81.8
HSE2527,1522.0,5,4,13.6,Tier1_City,0,Semi-Furnished,0.3,2,154.65
HSE2528,2247.0,4,3,1.6,Tier2_City,1,Semi-Furnished,17.8,1,147.64
HSE2529,867.0,2,1,2.1,Tier2_City,0,Furnished,2.0,1,70.41
HSE2530,919.0,4,4,3.3,Tier3_City,4,Semi-Furnished,6.1,2,63.87
HSE2531,2068.0,2,1,10.6,Tier2_City,3,Semi-Furnished,2.9,1,118.41
HSE2532,1465.0,5,4,5.7,Tier2_City,2,Semi-Furnished,5.7,1,116.37
HSE2533,,1,1,12.1,Tier2_City,7,Semi-Furnished,6.6,0,67.85
HSE2534,1754.0,4,4,3.8,Tier1_City,2,Furnished,8.4,0,166.26
HSE2535,1209.0,1,1,11.9,Tier2_City,0,Unfurnished,0.2,0,58.79
HSE2536,989.0,4,4,9.7,Tier1_City,0,Semi-Furnished,5.9,1,103.29
HSE2537,974.0,5,5,17.8,Tier3_City,5,Semi-Furnished,2.7,1,57.44
HSE2538,1627.0,4,3,3.8,Tier2_City,4,,3.9,1,117.49
HSE2539,1563.0,3,3,9.0,Tier1_City,2,Semi-Furnished,17.2,1,126.11
HSE2540,2284.0,5,5,18.5,Tier2_City,1,Unfurnished,8.3,2,137.9
HSE2541,1290.0,1,1,,Tier3_City,1,,3.3,1,44.16
HSE2542,1281.0,3,2,0.7,Tier1_City,3,Unfurnished,5.4,1,109.85
HSE2543,2242.0,5,4,14.2,Tier3_City,5,Furnished,11.0,1,111.05
HSE2544,1992.0,2,2,17.8,Tier1_City,5,Unfurnished,14.0,2,169.36
HSE2545,1530.0,1,1,3.3,Tier1_City,5,Furnished,2.7,2,157.8
HSE2546,591.0,3,3,6.1,Tier2_City,0,Semi-Furnished,0.6,2,66.94
HSE2547,1003.0,3,3,3.7,Tier1_City,4,Semi-Furnished,6.9,1,119.47
HSE2548,870.0,5,5,10.5,Tier3_City,6,Furnished,3.1,2,71.56
HSE2549,1470.0,5,4,21.1,Tier2_City,1,Semi-Furnished,0.8,1,107.61
HSE2550,1170.0,2,2,4.3,Tier2_City,4,Furnished,6.0,1,80.93
HSE2551,2332.0,4,4,6.2,Tier2_City,0,Unfurnished,1.2,1,154.43
HSE2552,586.0,1,1,1.2,Tier2_City,7,Unfurnished,1.1,1,57.57
HSE2553,811.0,1,1,5.1,Tier2_City,5,Semi-Furnished,9.6,0,48.35
HSE2554,1585.0,4,4,2.9,Tier2_City,4,Semi-Furnished,4.8,1,126.07
HSE2555,1737.0,4,4,4.8,Tier3_City,4,Semi-Furnished,4.2,1,86.78
HSE2556,300.0,5,4,10.5,Tier2_City,5,Unfurnished,1.7,1,52.17
HSE2557,496.0,4,4,12.8,Tier2_City,3,Semi-Furnished,7.1,0,57.78
HSE2558,1305.0,1,1,0.9,Tier2_City,7,Semi-Furnished,4.6,2,96.89
HSE2559,2196.0,4,3,16.0,Tier2_City,1,Furnished,4.7,2,141.38
HSE2560,2488.0,3,3,0.9,Tier1_City,6,Furnished,1.5,1,239.71
HSE2561,1222.0,2,2,7.8,Tier2_City,6,Semi-Furnished,20.5,1,73.33
HSE2562,1356.0,2,2,13.4,Tier2_City,6,Unfurnished,7.1,1,71.74
HSE2563,990.0,5,4,6.8,Tier1_City,0,Unfurnished,1.5,1,110.57
HSE2564,1798.0,1,1,15.2,Tier3_City,3,Unfurnished,3.4,1,60.49
HSE2565,2291.0,3,2,2.7,Tier3_City,5,Semi-Furnished,13.2,2,100.12
HSE2566,2141.0,1,1,14.9,Tier1_City,4,Semi-Furnished,13.9,0,159.4
HSE2567,,4,4,4.9,Tier3_City,5,Unfurnished,4.2,1,79.74
HSE2568,989.0,1,1,7.5,Tier3_City,5,Semi-Furnished,21.5,1,31.68
HSE2569,1455.0,5,4,,Tier3_City,1,Semi-Furnished,5.5,0,68.59
HSE2570,2209.0,5,4,2.9,Tier1_City,6,Unfurnished,3.2,0,213.75
HSE2571,1230.0,5,5,10.4,Tier2_City,3,Furnished,1.4,2,129.11
HSE2572,452.0,2,1,2.4,Tier2_City,7,Semi-Furnished,3.8,2,55.23
HSE2573,1252.0,4,3,6.7,Tier2_City,4,Semi-Furnished,17.3,1,88.19
HSE2574,1297.0,1,1,3.9,Tier2_City,4,Semi-Furnished,14.2,0,56.09
HSE2575,448.0,2,1,3.0,Tier2_City,4,Semi-Furnished,13.8,1,27.13
HSE2576,1578.0,1,1,,Tier3_City,6,Furnished,1.4,2,69.34
HSE2577,1728.0,1,1,4.1,Tier3_City,7,Furnished,6.9,0,75.01
HSE2578,2473.0,2,1,2.8,Tier2_City,4,Unfurnished,12.7,0,135.32
HSE2579,717.0,3,3,0.9,Tier3_City,4,Unfurnished,14.7,1,39.52
HSE2580,1852.0,5,5,16.8,Tier3_City,0,Unfurnished,4.6,1,87.73
HSE2581,1982.0,1,1,8.6,Tier1_City,0,Unfurnished,6.5,1,121.57
HSE2582,1736.0,3,3,8.5,Tier3_City,5,Furnished,0.2,0,83.34
HSE2583,896.0,4,3,0.4,Tier1_City,2,Furnished,11.3,2,112.79
HSE2584,864.0,2,1,,Tier1_City,3,Semi-Furnished,9.2,1,78.51
HSE2585,1503.0,4,4,15.4,Tier3_City,5,Semi-Furnished,10.8,2,73.48
HSE2586,1500.0,3,3,2.4,Tier2_City,1,Unfurnished,0.7,2,106.79
HSE2587,1142.0,3,3,1.2,Tier2_City,2,Furnished,21.5,1,70.67
HSE2588,2160.0,1,1,0.9,Tier3_City,0,Unfurnished,2.0,1,83.99
HSE2589,,1,1,5.4,Tier2_City,6,Semi-Furnished,3.5,2,89.7
HSE2590,408.0,5,5,2.3,Tier1_City,4,Semi-Furnished,5.5,2,100.19
HSE2591,1327.0,5,5,8.0,Tier1_City,1,Unfurnished,7.1,2,149.76
HSE2592,1714.0,3,2,12.9,Tier2_City,4,Semi-Furnished,6.1,2,97.29
HSE2593,1638.0,3,3,19.4,Tier1_City,1,,2.3,0,126.95
HSE2594,1634.0,3,2,4.8,Tier1_City,6,Unfurnished,12.0,1,154.45
HSE2595,2272.0,3,2,2.5,Tier3_City,1,Unfurnished,1.7,1,93.05
HSE2596,837.0,4,4,6.3,Tier1_City,2,Unfurnished,1.1,1,96.8
HSE2597,1217.0,3,2,5.8,Tier2_City,7,Semi-Furnished,4.3,0,94.06
HSE2598,2300.0,1,1,21.5,Tier1_City,5,Semi-Furnished,0.9,0,175.47
HSE2599,368.0,1,1,12.7,Tier2_City,5,Unfurnished,20.7,0,8.0
HSE2600,1420.0,5,5,1.8,Tier2_City,4,Semi-Furnished,7.3,0,130.63
HSE2601,2126.0,4,3,14.8,Tier2_City,4,Semi-Furnished,2.2,2,146.29
HSE2602,2118.0,1,1,2.2,Tier1_City,1,Semi-Furnished,2.4,1,161.92
HSE2603,1813.0,1,1,10.0,Tier1_City,2,Furnished,11.0,2,127.41
HSE2604,1827.0,2,1,7.6,Tier1_City,7,Semi-Furnished,2.3,2,176.17
HSE2605,877.0,3,3,8.0,Tier1_City,7,Unfurnished,4.7,2,100.0
HSE2606,2205.0,3,2,1.4,Tier2_City,5,Semi-Furnished,12.4,2,156.01
HSE2607,790.0,1,1,4.4,Tier1_City,7,Semi-Furnished,4.3,1,91.59
HSE2608,823.0,1,1,6.1,Tier1_City,6,Furnished,4.4,0,93.66
HSE2609,1663.0,2,1,10.6,Tier1_City,3,Semi-Furnished,2.2,0,142.2
HSE2610,1179.0,3,2,16.6,Tier3_City,5,Semi-Furnished,5.4,1,62.77
HSE2611,1564.0,2,1,0.4,Tier2_City,6,Unfurnished,5.4,0,84.15
HSE2612,1687.0,3,3,1.5,Tier2_City,1,Furnished,23.7,0,88.87
HSE2613,2428.0,1,1,4.0,Tier2_City,7,Furnished,9.0,0,152.39
HSE2614,1689.0,5,4,1.4,Tier2_City,3,Furnished,7.7,0,141.58
HSE2615,1110.0,5,5,12.7,Tier1_City,2,Furnished,0.5,1,132.92
HSE2616,1822.0,2,1,17.4,Tier2_City,3,Unfurnished,7.3,0,81.63
HSE2617,993.0,5,4,14.3,Tier2_City,2,Unfurnished,1.4,1,85.03
HSE2618,,3,2,1.5,Tier2_City,2,Unfurnished,6.1,2,127.03
HSE2619,1486.0,1,1,6.7,Tier1_City,4,Unfurnished,0.3,1,127.34
HSE2620,1670.0,2,1,7.8,Tier3_City,7,Furnished,0.8,2,84.43
HSE2621,471.0,1,1,4.6,Tier2_City,3,Unfurnished,13.2,0,9.03
HSE2622,300.0,4,3,2.4,Tier1_City,1,Semi-Furnished,4.0,0,60.02
HSE2623,624.0,4,4,7.8,Tier3_City,6,Unfurnished,4.6,0,45.38
HSE2624,2410.0,4,3,2.8,Tier1_City,2,Semi-Furnished,11.9,2,207.7
HSE2625,819.0,1,1,0.7,Tier1_City,4,Semi-Furnished,10.3,0,54.1
HSE2626,1853.0,2,1,5.6,Tier1_City,2,Semi-Furnished,6.5,2,161.29
HSE2627,1097.0,3,3,14.8,Tier3_City,1,Furnished,3.1,2,62.12
HSE2628,1318.0,1,1,0.3,Tier1_City,2,Semi-Furnished,5.9,2,108.22
HSE2629,1425.0,1,1,13.0,Tier3_City,2,Semi-Furnished,9.7,0,48.87
HSE2630,2354.0,2,1,5.6,Tier2_City,7,Unfurnished,16.9,0,124.77
HSE2631,1771.0,3,3,5.8,Tier2_City,5,Furnished,8.0,0,119.72
HSE2632,1662.0,1,1,14.4,Tier2_City,5,Semi-Furnished,0.5,2,106.5
HSE2633,2163.0,5,4,0.1,Tier1_City,0,Semi-Furnished,14.4,1,637.6067235046747
HSE2634,1102.0,3,2,0.5,Tier2_City,0,Furnished,0.2,1,96.64
HSE2635,2038.0,1,1,2.3,Tier2_City,2,Semi-Furnished,10.5,0,117.02
HSE2636,1946.0,1,1,10.6,Tier2_City,7,Semi-Furnished,4.8,1,116.66
HSE2637,1939.0,5,4,,Tier1_City,0,Semi-Furnished,8.1,1,212.71
HSE2638,1365.0,3,3,15.2,Tier3_City,6,Furnished,0.9,2,83.66
HSE2639,1209.0,5,5,7.6,Tier2_City,6,Furnished,4.5,2,114.65
HSE2640,972.0,4,3,10.9,Tier2_City,2,Semi-Furnished,4.1,1,79.78
HSE2641,1006.0,5,5,39.9,Tier2_City,0,Unfurnished,3.3,1,49.97
HSE2642,946.0,5,4,4.1,Tier1_City,1,Unfurnished,3.6,1,117.3
HSE2643,1652.0,4,3,10.0,Tier1_City,0,Furnished,9.4,0,165.41
HSE2644,1324.0,5,4,9.0,Tier1_City,6,Semi-Furnished,8.2,0,177.25
HSE2645,1687.0,5,4,12.8,Tier2_City,6,Unfurnished,2.1,0,125.33
HSE2646,1718.0,2,1,21.1,Tier1_City,5,Furnished,3.1,0,147.77
HSE2647,867.0,3,3,,Tier1_City,0,Furnished,4.8,0,102.65
HSE2648,851.0,5,4,8.1,Tier1_City,7,Furnished,2.8,0,153.4
HSE2649,1324.0,5,4,22.7,Tier1_City,5,Furnished,28.1,2,109.21
HSE2650,1024.0,1,1,8.8,Tier2_City,6,Unfurnished,1.8,0,83.79
HSE2651,966.0,1,1,2.1,Tier2_City,3,Unfurnished,3.1,2,62.0
HSE2652,2383.0,2,2,11.5,Tier2_City,1,Semi-Furnished,10.7,0,118.98
HSE2653,607.0,4,4,3.1,Tier2_City,6,Semi-Furnished,26.1,1,51.55
HSE2654,2563.0,2,1,5.8,Tier2_City,0,Unfurnished,3.3,1,135.08
HSE2655,1609.0,4,3,3.2,Tier2_City,1,Furnished,4.1,1,122.62
HSE2656,1992.0,1,1,26.8,Tier3_City,1,Furnished,11.3,2,59.49
HSE2657,,1,1,19.7,Tier3_City,0,Furnished,0.2,0,72.48
HSE2658,1789.0,4,4,0.8,Tier3_City,4,Unfurnished,1.2,2,97.69
HSE2659,2364.0,2,1,14.3,Tier3_City,1,Unfurnished,11.2,1,89.53
HSE2660,855.0,1,1,10.7,Tier3_City,7,Semi-Furnished,1.7,1,48.11
HSE2661,1364.0,2,2,1.2,Tier2_City,7,Unfurnished,4.5,0,105.45
HSE2662,981.0,2,2,1.6,Tier2_City,1,Furnished,23.9,2,52.66
HSE2663,517.0,3,3,3.8,Tier2_City,6,Semi-Furnished,1.3,2,71.3
HSE2664,1086.0,5,4,9.9,Tier1_City,0,Unfurnished,2.2,1,99.34
HSE2665,2480.0,1,1,9.7,Tier2_City,2,Unfurnished,20.9,2,115.99
HSE2666,1355.0,4,4,0.7,Tier3_City,5,Semi-Furnished,14.7,2,75.74
HSE2667,2541.0,2,2,5.5,Tier2_City,1,Furnished,3.4,0,154.83
HSE2668,2597.0,3,3,3.4,Tier1_City,0,Unfurnished,3.6,0,196.96
HSE2669,3097.0,2,2,0.5,Tier2_City,1,Semi-Furnished,1.1,2,183.49
HSE2670,2498.0,2,2,12.0,Tier1_City,5,Semi-Furnished,8.8,0,196.43
HSE2671,2747.0,3,2,0.5,Tier2_City,1,Furnished,0.4,0,170.94
HSE2672,1629.0,3,2,14.4,Tier2_City,1,Furnished,18.7,1,94.8
HSE2673,1576.0,1,1,10.7,Tier2_City,1,Semi-Furnished,3.2,0,84.1
HSE2674,1612.0,1,1,8.6,Tier2_City,7,Semi-Furnished,0.4,1,107.17
HSE2675,1450.0,2,2,5.1,Tier1_City,7,Furnished,7.7,0,139.08
HSE2676,1532.0,5,4,22.0,Tier2_City,6,Furnished,9.8,1,122.61
HSE2677,1864.0,2,1,4.1,Tier1_City,0,Semi-Furnished,3.3,0,161.26
HSE2678,1194.0,3,2,1.6,Tier2_City,2,Semi-Furnished,6.4,1,84.22
HSE2679,692.0,3,3,2.3,Tier2_City,7,Semi-Furnished,4.8,0,92.12
HSE2680,1650.0,2,1,,Tier1_City,4,Furnished,12.2,0,136.48
HSE2681,1069.0,1,1,16.9,Tier3_City,0,Unfurnished,4.0,2,41.11
HSE2682,1126.0,3,2,6.0,Tier2_City,1,Unfurnished,18.1,2,56.75
HSE2683,1371.0,5,4,30.0,Tier1_City,6,Semi-Furnished,9.4,0,139.6
HSE2684,1245.0,5,4,,Tier2_City,7,Unfurnished,5.3,1,112.17
HSE2685,2061.0,2,1,12.4,Tier1_City,3,Unfurnished,1.9,1,154.21
HSE2686,1358.0,3,2,7.9,Tier1_City,1,Furnished,1.5,0,132.16
HSE2687,2088.0,2,2,16.0,Tier3_City,0,Unfurnished,11.5,0,79.43
HSE2688,1563.0,5,5,2.3,Tier2_City,1,Semi-Furnished,1.6,2,123.52
HSE2689,1401.0,3,2,1.3,Tier3_City,6,Semi-Furnished,4.0,0,75.52
HSE2690,1537.0,5,4,0.7,Tier2_City,6,Semi-Furnished,2.2,1,135.84
HSE2691,740.0,5,4,11.3,Tier3_City,2,Furnished,3.3,0,53.91
HSE2692,1636.0,2,1,0.5,Tier3_City,7,Unfurnished,0.2,2,72.68
HSE2693,1917.0,3,2,9.8,Tier1_City,7,Unfurnished,1.5,0,184.27
HSE2694,1995.0,3,3,,Tier1_City,7,Furnished,6.5,1,183.34
HSE2695,706.0,2,1,45.0,Tier2_City,6,Semi-Furnished,8.2,1,37.17
HSE2696,615.0,5,5,10.1,Tier1_City,4,,13.5,1,88.05
HSE2697,1155.0,3,3,0.2,Tier2_City,7,Unfurnished,1.7,0,96.95
HSE2698,2212.0,2,2,,Tier1_City,5,Semi-Furnished,0.6,0,204.88
HSE2699,1572.0,3,3,13.3,Tier3_City,6,Furnished,1.2,0,76.43
HSE2700,1024.0,5,5,43.2,Tier1_City,3,Semi-Furnished,4.2,1,115.3
HSE2701,651.0,3,2,4.9,Tier3_City,1,Furnished,1.2,1,42.63
HSE2702,1074.0,4,3,8.3,Tier2_City,4,Unfurnished,3.8,2,85.59
HSE2703,1037.0,5,5,2.9,Tier1_City,3,Unfurnished,9.8,2,141.16
HSE2704,1965.0,2,2,8.8,Tier3_City,2,Unfurnished,11.7,2,76.52
HSE2705,2007.0,5,5,0.4,Tier2_City,5,Furnished,6.4,0,155.15
HSE2706,873.0,3,2,5.7,Tier2_City,4,Unfurnished,4.5,2,73.51
HSE2707,1864.0,3,3,23.8,Tier3_City,2,Unfurnished,4.1,2,78.65
HSE2708,1808.0,4,4,4.0,Tier1_City,1,Unfurnished,5.2,2,171.78
HSE2709,801.0,1,1,2.1,Tier1_City,4,Unfurnished,3.8,1,85.0
HSE2710,1404.0,4,3,18.2,Tier1_City,2,Semi-Furnished,0.2,2,130.44
HSE2711,1637.0,3,3,5.3,Tier1_City,1,Semi-Furnished,3.7,1,156.0
HSE2712,1540.0,4,3,16.1,Tier3_City,1,Furnished,1.9,1,80.01
HSE2713,509.0,5,5,8.8,Tier3_City,5,Furnished,0.2,2,61.75
HSE2714,1522.0,3,2,2.8,Tier2_City,3,Furnished,1.6,0,96.46
HSE2715,1800.0,5,4,35.0,Tier2_City,2,Unfurnished,5.7,1,106.08
HSE2716,2319.0,3,3,1.6,Tier3_City,0,Semi-Furnished,0.2,0,96.75
HSE2717,1082.0,2,2,12.6,Tier1_City,0,Furnished,0.6,2,118.96
HSE2718,1150.0,4,3,,Tier1_City,5,Furnished,2.2,2,139.22
HSE2719,1335.0,1,1,17.2,Tier3_City,7,,5.0,0,57.51
HSE2720,1610.0,5,4,2.7,Tier2_City,2,Unfurnished,4.8,2,114.27
HSE2721,1503.0,1,1,2.1,Tier1_City,6,Semi-Furnished,4.3,1,141.81
HSE2722,1782.0,3,2,12.3,Tier2_City,4,Unfurnished,5.9,2,111.77
HSE2723,831.0,5,5,1.4,Tier1_City,2,Unfurnished,0.2,1,149.67
HSE2724,1668.0,1,1,6.4,Tier2_City,4,Unfurnished,0.7,0,105.72
HSE2725,1042.0,3,2,1.1,Tier2_City,1,Unfurnished,14.2,2,74.09
HSE2726,1371.0,3,2,10.5,Tier1_City,2,,1.9,1,150.31
HSE2727,2389.0,2,2,3.5,Tier3_City,5,Unfurnished,8.2,1,99.8
HSE2728,681.0,4,4,22.6,Tier2_City,6,Semi-Furnished,0.4,1,70.12
HSE2729,1296.0,2,2,8.3,Tier2_City,1,Unfurnished,3.1,2,79.48
HSE2730,749.0,2,1,7.0,Tier2_City,7,Semi-Furnished,3.7,1,66.92
HSE2731,1534.0,2,1,2.1,Tier2_City,4,Furnished,6.0,1,85.58
HSE2732,2027.0,4,4,10.0,Tier1_City,1,Unfurnished,11.9,2,173.37
HSE2733,1543.0,5,5,5.5,Tier1_City,6,Unfurnished,3.1,2,183.15
HSE2734,1386.0,1,1,3.4,Tier2_City,7,Unfurnished,1.0,0,89.79
HSE2735,2181.0,3,3,9.4,Tier2_City,2,Unfurnished,3.8,2,124.76
HSE2736,1632.0,2,2,31.0,Tier1_City,0,Unfurnished,0.3,2,114.62
HSE2737,1901.0,2,1,3.1,Tier3_City,2,Semi-Furnished,9.7,2,71.12
HSE2738,1843.0,5,5,14.2,Tier3_City,6,Unfurnished,3.7,0,102.05
HSE2739,300.0,4,4,3.3,Tier1_City,0,Furnished,0.6,1,75.86
HSE2740,1408.0,5,4,6.6,Tier1_City,2,Furnished,1.7,0,143.29
HSE2741,857.0,4,3,1.6,Tier2_City,2,Semi-Furnished,6.4,2,77.84
HSE2742,994.0,4,4,6.5,Tier1_City,0,Semi-Furnished,5.7,2,123.24
HSE2743,2261.0,4,4,7.5,Tier3_City,4,Unfurnished,0.9,0,106.16
HSE2744,1244.0,4,4,4.7,Tier2_City,6,Unfurnished,0.3,0,99.12
HSE2745,2491.0,5,5,6.0,Tier1_City,1,Furnished,10.0,2,230.68
HSE2746,676.0,2,2,10.1,Tier2_City,7,Unfurnished,0.2,2,60.99
HSE2747,854.0,1,1,4.2,Tier1_City,7,Semi-Furnished,2.7,2,93.52
HSE2748,1869.0,3,2,2.8,Tier2_City,6,Unfurnished,2.4,0,117.32
HSE2749,1262.0,1,1,19.9,Tier1_City,5,,2.4,1,102.77
HSE2750,1619.0,1,1,3.0,Tier3_City,3,Semi-Furnished,1.9,2,65.39
HSE2751,1388.0,1,1,4.9,Tier2_City,1,Unfurnished,5.6,0,79.34
HSE2752,1372.0,1,1,8.9,Tier3_City,7,Semi-Furnished,10.9,0,61.28
HSE2753,1283.0,4,3,,Tier1_City,4,Furnished,5.4,0,138.34
HSE2754,1549.0,3,3,25.3,Tier2_City,3,Furnished,3.4,1,96.08
HSE2755,1803.0,5,4,23.1,Tier3_City,3,Furnished,7.9,0,82.8
HSE2756,2338.0,2,2,26.2,Tier2_City,1,Semi-Furnished,1.8,1,125.92
HSE2757,1339.0,2,1,6.8,Tier2_City,3,Semi-Furnished,2.5,0,87.81
HSE2758,1233.0,3,2,4.3,Tier3_City,6,Semi-Furnished,3.8,0,68.48
HSE2759,1163.0,4,4,31.9,Tier3_City,4,Unfurnished,11.8,2,51.57
HSE2760,2258.0,5,4,10.4,Tier3_City,3,Furnished,0.3,1,121.86
HSE2761,1830.0,4,3,2.8,Tier2_City,0,Furnished,1.0,2,135.24
HSE2762,406.0,3,2,12.1,Tier2_City,3,Unfurnished,4.2,1,29.11
HSE2763,381.0,5,4,1.6,Tier2_City,1,Unfurnished,0.4,2,51.13
HSE2764,993.0,1,1,0.7,Tier2_City,3,Unfurnished,5.7,1,72.82
HSE2765,1577.0,3,3,30.0,Tier1_City,1,Unfurnished,0.4,1,128.73
HSE2766,1432.0,2,2,0.2,Tier3_City,7,Unfurnished,2.4,1,73.58
HSE2767,1733.0,1,1,1.1,Tier2_City,1,Unfurnished,8.0,2,98.49
HSE2768,1354.0,2,2,1.3,Tier2_City,0,Semi-Furnished,5.7,1,87.3
HSE2769,2219.0,4,4,1.0,Tier3_City,5,Semi-Furnished,6.5,2,112.82
HSE2770,1875.0,2,1,26.7,Tier3_City,2,Furnished,9.6,0,64.44
HSE2771,1493.0,5,4,8.2,Tier1_City,7,Semi-Furnished,8.5,2,182.38
HSE2772,2080.0,4,4,18.5,Tier2_City,3,Semi-Furnished,10.6,0,123.23
HSE2773,543.0,4,3,13.6,Tier2_City,5,Furnished,6.7,1,56.73
HSE2774,1403.0,2,1,5.1,Tier1_City,6,Furnished,1.0,2,133.38
HSE2775,1526.0,5,5,21.5,Tier1_City,7,Unfurnished,1.4,2,167.44
HSE2776,1781.0,2,1,2.0,Tier2_City,6,Furnished,7.5,1,128.95
HSE2777,507.0,2,2,20.8,Tier3_City,4,Unfurnished,14.0,1,14.56
HSE2778,1307.0,4,4,3.7,Tier3_City,6,Unfurnished,3.2,2,70.54
HSE2779,1670.0,4,3,1.4,Tier2_City,2,Unfurnished,4.9,0,115.86
HSE2780,1712.0,2,1,10.9,Tier2_City,6,Furnished,10.9,2,104.78
HSE2781,2102.0,2,1,43.0,Tier1_City,6,Unfurnished,7.5,1,153.05
HSE2782,1869.0,3,3,5.4,Tier3_City,3,Unfurnished,9.2,0,84.35
HSE2783,1417.0,3,2,1.1,Tier3_City,0,Semi-Furnished,1.0,2,64.82
HSE2784,1821.0,1,1,1.0,Tier3_City,5,Semi-Furnished,0.7,2,82.91
HSE2785,1339.0,2,2,4.8,Tier2_City,0,Furnished,14.5,1,73.37
HSE2786,1531.0,1,1,19.2,Tier1_City,0,Unfurnished,2.2,1,91.78
HSE2787,1887.0,1,1,10.6,Tier2_City,7,Unfurnished,1.5,2,115.58
HSE2788,1425.0,2,2,12.0,Tier2_City,4,Semi-Furnished,0.4,1,101.97
HSE2789,1649.0,1,1,19.8,Tier1_City,5,Unfurnished,0.5,2,130.21
HSE2790,1979.0,4,3,7.3,Tier1_City,7,Semi-Furnished,5.4,2,196.47
HSE2791,1842.0,4,3,13.0,Tier1_City,7,Unfurnished,20.6,1,133.5
HSE2792,2128.0,2,1,3.9,Tier2_City,7,Unfurnished,2.7,0,127.72
HSE2793,2731.0,5,5,1.9,Tier3_City,1,Furnished,11.5,0,127.63
HSE2794,1837.0,3,3,21.9,Tier2_City,2,Unfurnished,11.1,0,87.49
HSE2795,1196.0,2,1,3.8,Tier3_City,6,Unfurnished,3.0,0,63.07
HSE2796,1732.0,1,1,34.4,Tier1_City,0,,3.3,2,105.19
HSE2797,1708.0,3,3,4.2,Tier2_City,1,Unfurnished,3.6,1,111.6
HSE2798,1787.0,5,5,4.1,Tier2_City,4,Furnished,14.8,1,131.65
HSE2799,2272.0,1,1,11.3,Tier1_City,2,Furnished,1.8,2,175.08
HSE2800,524.0,1,1,9.4,Tier2_City,1,Furnished,0.6,0,42.34
HSE2801,2283.0,3,3,0.5,Tier1_City,7,Semi-Furnished,1.6,1,219.23
HSE2802,2468.0,5,5,4.5,Tier3_City,3,Furnished,5.8,1,118.82
HSE2803,1762.0,2,1,16.5,Tier3_City,3,Furnished,6.1,0,59.67
HSE2804,1776.0,4,4,1.4,Tier1_City,5,Unfurnished,9.6,1,187.62
HSE2805,1317.0,3,3,8.1,Tier2_City,5,Semi-Furnished,5.3,0,96.28
HSE2806,1453.0,1,1,6.3,Tier2_City,3,Unfurnished,0.2,0,92.56
HSE2807,1834.0,5,5,0.9,Tier1_City,7,Furnished,18.9,0,198.89
HSE2808,1798.0,1,1,11.5,Tier2_City,2,Furnished,25.3,0,87.9
HSE2809,,3,3,12.4,Tier3_City,6,Unfurnished,4.2,1,81.86
HSE2810,1795.0,4,4,2.9,Tier3_City,6,Semi-Furnished,2.5,2,92.31
HSE2811,1944.0,4,3,,Tier1_City,0,Semi-Furnished,0.8,1,189.14
HSE2812,1883.0,5,4,0.1,Tier2_City,6,Unfurnished,0.3,1,150.02
HSE2813,887.0,4,3,9.3,Tier1_City,1,Semi-Furnished,0.7,0,99.51
HSE2814,,4,4,9.0,Tier1_City,3,Semi-Furnished,15.5,2,179.8
HSE2815,,1,1,0.8,Tier1_City,7,Semi-Furnished,18.8,1,194.08
HSE2816,1435.0,2,1,6.2,Tier1_City,1,Furnished,1.4,1,138.69
HSE2817,2275.0,2,1,2.1,Tier1_City,4,Unfurnished,1.9,2,185.54
HSE2818,945.0,2,2,13.4,Tier2_City,6,Semi-Furnished,6.4,0,73.0
HSE2819,1434.0,1,1,7.4,Tier2_City,3,Furnished,4.3,1,90.33
HSE2820,1097.0,1,1,8.8,Tier1_City,0,Semi-Furnished,24.0,2,70.45
HSE2821,,3,3,0.5,Tier1_City,0,Semi-Furnished,4.7,0,200.97
HSE2822,2352.0,4,4,2.5,Tier3_City,4,Semi-Furnished,2.4,1,118.06
HSE2823,1395.0,5,5,15.7,Tier3_City,0,Unfurnished,17.3,1,59.3
HSE2824,,5,4,3.5,Tier1_City,0,Unfurnished,0.6,2,211.74
HSE2825,2358.0,3,3,24.8,Tier2_City,7,Semi-Furnished,0.8,2,159.6
HSE2826,1432.0,5,5,10.7,Tier1_City,4,Unfurnished,2.1,1,166.37
HSE2827,1521.0,3,2,15.3,Tier3_City,3,Unfurnished,4.9,0,63.97
HSE2828,1853.0,3,2,6.7,Tier2_City,0,Furnished,23.2,1,104.91
HSE2829,987.0,2,2,6.2,Tier1_City,6,Furnished,6.6,0,103.06
HSE2830,1511.0,4,3,0.2,Tier2_City,4,Furnished,1.5,2,138.35
HSE2831,2629.0,2,1,,Tier2_City,1,Furnished,9.1,1,141.54
HSE2832,1175.0,3,3,24.5,Tier1_City,6,Semi-Furnished,1.9,2,122.35
HSE2833,1920.0,5,4,3.6,Tier1_City,1,Semi-Furnished,3.7,1,189.96
HSE2834,1738.0,3,3,5.9,Tier2_City,4,Unfurnished,12.0,2,106.01
HSE2835,1360.0,2,1,9.4,Tier1_City,4,Semi-Furnished,0.2,2,134.26
HSE2836,1572.0,4,4,0.4,Tier1_City,2,Furnished,9.6,2,158.0
HSE2837,2414.0,4,4,10.7,Tier3_City,7,Unfurnished,5.5,2,123.81
HSE2838,1754.0,4,4,2.0,Tier3_City,5,Semi-Furnished,5.2,0,84.74
HSE2839,,1,1,6.4,Tier2_City,2,Furnished,7.9,0,97.5
HSE2840,2330.0,2,1,6.4,Tier2_City,1,Furnished,2.2,2,135.78
HSE2841,1291.0,1,1,0.9,Tier2_City,2,Unfurnished,0.5,2,83.86
HSE2842,874.0,5,4,3.0,Tier2_City,3,Semi-Furnished,0.2,2,102.73
HSE2843,2423.0,2,1,7.0,Tier2_City,4,Semi-Furnished,13.6,1,138.49
HSE2844,1525.0,3,3,8.4,Tier1_City,3,Unfurnished,7.7,2,153.34
HSE2845,,5,4,6.3,Tier1_City,0,Unfurnished,2.2,1,177.79
HSE2846,1031.0,5,4,3.8,Tier1_City,5,Unfurnished,3.4,0,138.47
HSE2847,1664.0,2,2,26.0,Tier2_City,3,Unfurnished,11.0,0,76.95
HSE2848,847.0,5,4,0.4,Tier2_City,2,Unfurnished,1.9,2,89.22
HSE2849,1485.0,4,3,4.1,Tier2_City,4,Furnished,2.9,1,127.83
HSE2850,1094.0,4,4,3.6,Tier2_City,6,Semi-Furnished,7.0,2,88.98
HSE2851,967.0,1,1,1.8,Tier3_City,0,Semi-Furnished,2.6,2,53.66
HSE2852,1283.0,4,3,11.0,Tier1_City,7,Semi-Furnished,2.9,2,150.0
HSE2853,300.0,4,3,12.1,Tier2_City,5,Semi-Furnished,16.7,0,23.08
HSE2854,812.0,3,3,15.5,Tier3_City,4,Semi-Furnished,2.4,0,42.49
HSE2855,1880.0,3,2,5.3,Tier2_City,0,Semi-Furnished,3.6,1,118.78
HSE2856,1641.0,2,2,1.0,Tier2_City,5,Semi-Furnished,5.3,0,105.02
HSE2857,859.0,4,3,22.4,Tier1_City,5,,0.9,2,87.42
HSE2858,1751.0,1,1,8.0,Tier3_City,4,Unfurnished,8.5,0,64.92
HSE2859,967.0,2,2,4.3,Tier2_City,6,Semi-Furnished,0.5,1,76.99
HSE2860,,3,2,14.4,Tier3_City,6,Unfurnished,6.1,2,84.96
HSE2861,1386.0,1,1,0.5,Tier3_City,6,Semi-Furnished,0.5,0,61.63
HSE2862,1271.0,5,4,24.3,Tier3_City,2,Semi-Furnished,18.0,1,65.67
HSE2863,1400.0,5,4,5.0,Tier1_City,5,Unfurnished,22.4,0,135.1
HSE2864,2858.0,3,2,1.4,Tier2_City,0,Unfurnished,11.1,2,162.62
HSE2865,1033.0,3,2,12.2,Tier1_City,4,Unfurnished,1.9,2,113.45
HSE2866,1575.0,2,2,19.3,Tier1_City,1,Unfurnished,7.9,1,94.4
HSE2867,1880.0,2,1,1.4,Tier1_City,2,Semi-Furnished,8.9,2,153.39
HSE2868,921.0,5,4,9.8,Tier2_City,5,Unfurnished,4.0,0,96.78
HSE2869,573.0,3,3,26.7,Tier2_City,3,Unfurnished,3.6,0,35.68
HSE2870,1119.0,5,5,24.5,Tier2_City,6,Unfurnished,1.1,0,92.12
HSE2871,1868.0,1,1,2.2,Tier1_City,0,Unfurnished,10.4,0,124.07
HSE2872,1262.0,1,1,3.0,Tier1_City,7,Unfurnished,4.4,2,133.52
HSE2873,1323.0,3,2,1.3,Tier2_City,5,Semi-Furnished,6.3,1,97.87
HSE2874,1951.0,4,4,2.3,Tier2_City,3,Semi-Furnished,1.2,0,132.43
HSE2875,1007.0,3,2,4.2,Tier1_City,0,Semi-Furnished,0.4,2,134.94
HSE2876,1401.0,5,5,1.3,Tier2_City,0,Unfurnished,0.2,1,104.45
HSE2877,617.0,1,1,0.4,Tier1_City,3,Semi-Furnished,10.9,0,53.75
HSE2878,1626.0,5,5,3.1,Tier2_City,4,,12.3,2,116.6
HSE2879,1576.0,3,3,16.5,Tier3_City,4,Semi-Furnished,8.5,1,66.75
HSE2880,1888.0,2,2,2.2,Tier2_City,2,Semi-Furnished,8.8,1,637.0381347151812
HSE2881,820.0,4,3,8.9,Tier2_City,5,Furnished,9.7,1,73.68
HSE2882,1344.0,4,3,6.3,Tier3_City,4,Semi-Furnished,8.0,0,73.66
HSE2883,747.0,5,4,12.4,Tier1_City,2,Semi-Furnished,5.8,0,79.36
HSE2884,1315.0,1,1,1.4,Tier1_City,2,Semi-Furnished,10.4,0,113.73
HSE2885,2265.0,4,4,0.2,Tier3_City,3,Furnished,5.8,0,115.61
HSE2886,1274.0,2,2,13.5,Tier3_City,5,Semi-Furnished,6.8,0,58.51
HSE2887,699.0,3,2,10.7,Tier2_City,4,Semi-Furnished,0.2,2,68.21
HSE2888,1076.0,3,2,3.8,Tier1_City,1,Furnished,1.0,2,126.63
HSE2889,564.0,4,4,15.0,Tier1_City,7,Semi-Furnished,0.7,2,116.63
HSE2890,737.0,2,2,1.7,Tier3_City,1,Unfurnished,8.0,1,25.83
HSE2891,1819.0,2,2,1.4,Tier2_City,5,Unfurnished,11.8,0,112.39
HSE2892,655.0,3,2,2.9,Tier1_City,0,Unfurnished,0.3,1,69.58
HSE2893,1622.0,4,4,3.2,Tier1_City,2,Furnished,0.2,2,191.12
HSE2894,1464.0,5,5,2.9,Tier3_City,4,Semi-Furnished,18.3,1,73.75
HSE2895,1158.0,1,1,7.0,Tier2_City,6,Furnished,15.1,1,76.34
HSE2896,1575.0,3,3,7.3,Tier3_City,4,Semi-Furnished,2.1,0,70.03
HSE2897,934.0,1,1,0.9,Tier2_City,0,Furnished,2.6,2,55.22
HSE2898,1912.0,4,4,2.5,Tier1_City,7,Furnished,4.1,1,209.2
HSE2899,1066.0,4,4,12.5,Tier1_City,2,Semi-Furnished,5.4,2,134.15
HSE2900,1237.0,5,5,2.5,Tier2_City,2,Semi-Furnished,17.8,0,96.61
HSE2901,1172.0,1,1,22.3,Tier1_City,0,Semi-Furnished,0.9,1,87.53
HSE2902,1829.0,4,3,2.9,Tier1_City,5,Semi-Furnished,2.6,0,195.06
HSE2903,1749.0,4,4,6.0,Tier1_City,3,Unfurnished,9.6,1,159.25
HSE2904,300.0,4,3,0.4,Tier1_City,1,Semi-Furnished,11.5,0,60.51
HSE2905,1590.0,4,4,31.7,Tier3_City,5,Semi-Furnished,0.5,0,71.67
HSE2906,490.0,3,2,15.7,Tier1_City,1,Semi-Furnished,4.3,1,53.02
HSE2907,1262.0,1,1,1.3,Tier2_City,4,Furnished,3.5,1,87.39
HSE2908,1391.0,5,5,1.2,Tier2_City,5,Furnished,3.9,0,123.15
HSE2909,1256.0,2,2,15.6,Tier1_City,6,,4.3,1,117.93
HSE2910,1725.0,1,1,19.4,Tier2_City,5,Furnished,0.3,0,101.42
HSE2911,1846.0,4,3,6.8,Tier3_City,4,Furnished,2.6,1,92.08
HSE2912,1025.0,5,4,20.3,Tier2_City,0,Unfurnished,0.2,0,75.25
HSE2913,1005.0,4,3,2.4,Tier2_City,1,Unfurnished,3.8,0,78.81
HSE2914,1430.0,2,2,3.2,Tier3_City,4,Furnished,4.7,1,66.25
HSE2915,601.0,5,4,1.9,Tier3_City,4,Semi-Furnished,8.2,2,54.95
HSE2916,1188.0,5,5,6.3,Tier3_City,4,Unfurnished,4.7,2,70.92
HSE2917,2191.0,2,1,4.0,Tier2_City,5,Semi-Furnished,11.6,2,132.75
HSE2918,622.0,3,2,4.1,Tier2_City,7,Unfurnished,2.4,0,58.03
HSE2919,1263.0,5,4,22.0,Tier2_City,4,Furnished,1.1,0,111.14
HSE2920,1124.0,1,1,4.9,Tier1_City,1,Unfurnished,1.5,2,103.75
HSE2921,2553.0,2,1,5.4,Tier2_City,3,Furnished,4.7,1,147.23
HSE2922,1154.0,3,3,4.5,Tier3_City,2,Semi-Furnished,1.5,1,65.3
HSE2923,1186.0,1,1,2.4,Tier1_City,4,Unfurnished,11.8,2,109.17
HSE2924,883.0,1,1,14.4,Tier3_City,4,Unfurnished,19.8,0,17.44
HSE2925,1455.0,4,3,4.1,Tier3_City,4,,2.0,1,79.0
HSE2926,1599.0,2,1,0.9,Tier1_City,4,Unfurnished,20.7,1,124.53
HSE2927,963.0,2,2,8.9,Tier1_City,2,Unfurnished,4.6,2,76.16
HSE2928,1994.0,2,2,25.7,Tier3_City,1,Semi-Furnished,1.6,1,71.95
HSE2929,1599.0,1,1,9.9,Tier1_City,6,Furnished,1.5,1,138.21
HSE2930,1919.0,4,3,5.0,Tier3_City,3,Semi-Furnished,4.3,2,98.27
HSE2931,1270.0,2,1,4.2,Tier1_City,1,Unfurnished,3.0,0,97.68
HSE2932,1584.0,4,3,7.8,Tier1_City,7,Furnished,22.8,0,144.78
HSE2933,1333.0,5,4,10.6,Tier1_City,0,Semi-Furnished,5.2,1,132.78
HSE2934,2252.0,3,3,15.4,Tier1_City,2,,3.9,1,208.06
HSE2935,1514.0,5,5,4.0,Tier3_City,5,Furnished,2.3,1,90.02
HSE2936,1455.0,1,1,1.3,Tier1_City,3,Semi-Furnished,12.0,2,105.3
HSE2937,1198.0,5,4,7.3,Tier1_City,6,Semi-Furnished,15.0,0,119.52
HSE2938,1166.0,2,1,6.0,Tier2_City,2,Furnished,7.2,0,80.05
HSE2939,1581.0,2,2,3.8,Tier3_City,5,Furnished,11.5,2,78.5
HSE2940,1901.0,5,4,1.2,Tier2_City,3,Furnished,3.7,2,159.74
HSE2941,1073.0,3,2,8.2,Tier3_City,3,Furnished,6.6,1,50.99
HSE2942,1520.0,4,4,1.6,Tier1_City,3,Furnished,9.1,0,158.72
HSE2943,1551.0,5,4,0.1,Tier3_City,7,Unfurnished,3.2,1,102.81
HSE2944,1647.0,3,2,5.0,Tier2_City,6,Furnished,26.2,1,97.82
HSE2945,511.0,2,2,7.2,Tier3_City,2,Semi-Furnished,4.1,1,28.11
HSE2946,941.0,3,2,23.2,Tier2_City,3,Semi-Furnished,1.7,0,62.92
HSE2947,699.0,2,1,1.3,Tier3_City,3,Unfurnished,4.8,1,38.77
HSE2948,1468.0,3,2,,Tier2_City,5,,5.9,0,97.8
HSE2949,954.0,2,1,2.6,Tier2_City,4,Unfurnished,14.7,1,51.92
HSE2950,1177.0,5,4,22.4,Tier2_City,4,Semi-Furnished,5.0,1,88.79
HSE2951,793.0,3,2,14.1,Tier1_City,3,Furnished,1.1,1,722.0387281229888
HSE2952,1228.0,4,3,0.4,Tier3_City,3,,1.3,2,73.88
HSE2953,832.0,4,3,1.7,Tier3_City,4,Furnished,8.0,0,49.99
HSE2954,1867.0,2,2,0.4,Tier3_City,6,Unfurnished,2.4,0,93.81
HSE2955,1714.0,2,1,4.8,Tier2_City,7,Semi-Furnished,2.8,2,116.6
HSE2956,1533.0,5,5,5.1,Tier3_City,0,Unfurnished,5.2,0,75.28
HSE2957,1284.0,1,1,7.8,Tier1_City,1,Unfurnished,2.5,2,98.7
HSE2958,329.0,2,2,,Tier3_City,5,Unfurnished,0.5,1,31.09
HSE2959,1198.0,4,3,18.9,Tier1_City,1,Semi-Furnished,0.2,1,125.32
HSE2960,1031.0,3,2,9.3,Tier2_City,4,Unfurnished,0.7,1,74.82
HSE2961,,4,4,10.3,Tier1_City,3,Semi-Furnished,6.9,2,171.52
HSE2962,1791.0,1,1,4.4,Tier2_City,1,Furnished,9.6,1,105.47
HSE2963,1629.0,2,2,12.6,Tier2_City,4,Semi-Furnished,6.9,2,100.76
HSE2964,2145.0,3,2,6.6,Tier3_City,4,Unfurnished,2.8,0,89.37
HSE2965,1137.0,2,2,,Tier3_City,5,Unfurnished,1.3,0,57.5
HSE2966,1115.0,3,2,19.3,Tier2_City,6,Semi-Furnished,2.8,0,78.66
HSE2967,2021.0,5,5,15.2,Tier3_City,7,Unfurnished,3.6,0,95.02
HSE2968,1541.0,4,3,,Tier2_City,3,Semi-Furnished,2.3,2,126.26
HSE2969,1314.0,4,3,0.1,Tier2_City,5,Unfurnished,12.4,0,89.78
HSE2970,2466.0,1,1,0.9,Tier1_City,6,Semi-Furnished,7.8,0,208.69
HSE2971,1768.0,3,2,6.8,Tier1_City,7,Furnished,3.8,1,156.93
HSE2972,1345.0,5,4,29.4,Tier1_City,5,Semi-Furnished,0.3,0,137.51
HSE2973,1073.0,4,3,4.5,Tier2_City,1,Unfurnished,3.4,0,88.31
HSE2974,2180.0,4,3,,Tier2_City,2,Unfurnished,14.1,1,133.77
HSE2975,1564.0,5,5,8.4,Tier2_City,1,Semi-Furnished,6.9,1,121.33
HSE2976,1463.0,5,4,3.9,Tier3_City,1,Furnished,4.1,2,80.54
HSE2977,1822.0,2,1,10.9,Tier1_City,2,Furnished,12.9,1,145.61
HSE2978,1934.0,2,1,0.5,Tier3_City,3,Unfurnished,4.5,2,82.85
HSE2979,1752.0,2,1,1.0,Tier3_City,6,Semi-Furnished,2.6,0,82.98
HSE2980,1936.0,4,4,22.0,Tier3_City,2,Semi-Furnished,0.7,0,96.86
HSE2981,1698.0,2,2,1.3,Tier2_City,1,Furnished,0.3,1,125.38
HSE2982,1755.0,5,5,1.7,Tier1_City,1,Furnished,2.2,0,200.88
HSE2983,1048.0,5,4,3.5,Tier3_City,1,Unfurnished,1.7,0,66.13
HSE2984,2446.0,4,4,9.8,Tier2_City,3,Semi-Furnished,0.5,1,158.28
HSE2985,771.0,1,1,3.0,Tier3_City,3,Furnished,4.7,1,38.57
HSE2986,1620.0,4,4,11.4,Tier1_City,3,Furnished,13.3,0,138.06
HSE2987,715.0,2,1,7.0,Tier2_City,2,Furnished,8.2,0,41.46
HSE2988,1396.0,3,2,7.4,Tier2_City,3,Furnished,0.7,0,97.0
HSE2989,1136.0,2,2,1.8,Tier2_City,5,Furnished,0.3,0,92.7
HSE2990,1525.0,1,1,14.3,Tier3_City,0,Unfurnished,5.7,2,46.88
HSE2991,1638.0,4,3,1.0,Tier1_City,7,Semi-Furnished,7.8,0,172.64
HSE2992,924.0,3,2,0.0,Tier1_City,2,Semi-Furnished,9.2,2,737.9117642579355
HSE2993,1434.0,4,3,4.2,Tier1_City,1,Semi-Furnished,3.8,2,139.28
HSE2994,2217.0,3,2,3.8,Tier1_City,1,Semi-Furnished,1.1,0,207.97
HSE2995,728.0,2,1,8.2,Tier1_City,4,Semi-Furnished,6.4,0,58.88
HSE2996,,1,1,0.4,Tier1_City,4,,5.7,1,98.67
HSE2997,1923.0,2,2,0.6,Tier2_City,0,Furnished,12.6,1,98.11
HSE2998,1493.0,5,4,9.2,Tier2_City,3,Unfurnished,3.3,0,110.11
HSE2999,1533.0,4,4,2.2,Tier3_City,1,Semi-Furnished,1.5,2,77.53
HSE3000,2012.0,3,2,19.1,Tier1_City,7,Furnished,0.4,1,185.45
HSE3001,1013.0,1,1,5.7,Tier1_City,2,Furnished,1.6,1,115.5
HSE3002,,5,5,1.0,Tier3_City,7,Unfurnished,8.3,2,75.04
HSE3003,1097.0,4,4,,Tier2_City,4,Semi-Furnished,3.8,0,84.78
HSE3004,1258.0,1,1,4.1,Tier1_City,7,Unfurnished,4.0,2,123.31
HSE3005,2187.0,2,2,20.8,Tier2_City,4,Furnished,5.3,1,126.73
HSE3006,514.0,1,1,3.3,Tier3_City,1,Semi-Furnished,2.3,1,27.88
HSE3007,793.0,5,4,3.5,Tier2_City,5,Furnished,5.0,0,84.11
HSE3008,699.0,5,4,5.3,Tier3_City,3,Furnished,5.3,0,51.37
HSE3009,2221.0,3,2,5.5,Tier1_City,6,Semi-Furnished,20.9,2,176.73
HSE3010,1112.0,1,1,0.7,Tier1_City,3,Furnished,6.4,1,113.63
HSE3011,1270.0,4,3,11.1,Tier1_City,1,Semi-Furnished,4.4,2,128.76
HSE3012,562.0,2,1,12.7,Tier3_City,0,Semi-Furnished,4.3,2,21.62
HSE3013,1306.0,1,1,1.4,Tier2_City,5,Unfurnished,1.2,1,87.15
HSE3014,1927.0,2,2,15.9,Tier2_City,1,Unfurnished,6.2,0,101.03
HSE3015,1589.0,2,2,2.0,Tier3_City,5,Furnished,2.0,0,82.35
HSE3016,1391.0,1,1,17.1,Tier2_City,1,Furnished,2.3,1,76.07
HSE3017,589.0,4,3,3.9,Tier1_City,0,Semi-Furnished,6.6,2,82.08
HSE3018,1270.0,2,2,9.6,Tier2_City,5,Furnished,5.3,1,94.5
HSE3019,1531.0,3,3,13.3,Tier1_City,2,Semi-Furnished,1.6,1,134.34
HSE3020,904.0,3,2,1.0,Tier2_City,4,Semi-Furnished,7.1,1,81.38
HSE3021,1810.0,4,4,0.5,Tier3_City,0,Semi-Furnished,8.4,0,84.56
HSE3022,1937.0,4,3,1.8,Tier2_City,1,Semi-Furnished,1.4,1,128.27
HSE3023,1159.0,3,3,9.3,Tier1_City,0,Furnished,1.6,2,114.43
HSE3024,1849.0,5,4,6.4,Tier2_City,2,Semi-Furnished,6.7,2,134.38
HSE3025,,3,2,3.3,Tier1_City,2,Semi-Furnished,2.5,1,132.97
HSE3026,2081.0,1,1,0.9,Tier1_City,2,Furnished,0.7,0,184.96
HSE3027,2569.0,5,5,20.8,Tier2_City,1,Unfurnished,16.1,2,146.78
HSE3028,848.0,4,3,,Tier1_City,3,Semi-Furnished,1.8,2,107.73
HSE3029,1873.0,3,2,,Tier1_City,7,Furnished,15.0,2,172.57
HSE3030,2168.0,2,2,12.3,Tier2_City,0,Unfurnished,3.4,1,118.46
HSE3031,916.0,5,5,0.7,Tier2_City,7,Semi-Furnished,4.2,0,111.03
HSE3032,1134.0,3,3,9.1,Tier2_City,3,Furnished,1.8,1,91.37
HSE3033,1127.0,2,2,7.4,Tier3_City,4,,16.9,0,39.14
HSE3034,1377.0,4,3,45.0,Tier1_City,5,Unfurnished,2.8,2,105.18
HSE3035,1254.0,2,1,7.2,Tier1_City,5,Unfurnished,1.4,1,117.21
HSE3036,1341.0,3,2,0.4,Tier3_City,7,Unfurnished,0.6,0,79.28
HSE3037,1911.0,4,3,13.5,Tier1_City,7,Unfurnished,9.1,2,165.76
HSE3038,407.0,2,1,4.8,Tier3_City,0,Furnished,6.5,1,24.62
HSE3039,914.0,1,1,4.7,Tier2_City,3,,0.9,0,50.14
HSE3040,1818.0,2,1,1.3,Tier2_City,4,Furnished,11.8,2,113.43
HSE3041,1754.0,1,1,0.1,Tier1_City,4,Semi-Furnished,3.0,0,153.52
HSE3042,868.0,2,1,19.5,Tier2_City,7,Unfurnished,3.2,1,47.23
HSE3043,1758.0,1,1,1.0,Tier3_City,5,Furnished,6.7,1,76.64
HSE3044,2180.0,3,2,1.4,Tier1_City,3,Unfurnished,20.6,0,166.87
HSE3045,1423.0,3,3,27.7,Tier3_City,7,Semi-Furnished,4.2,0,65.62
HSE3046,896.0,2,1,18.4,Tier3_City,5,Furnished,7.4,2,45.73
HSE3047,1931.0,4,4,0.9,Tier2_City,6,Unfurnished,15.1,0,121.59
HSE3048,2398.0,1,1,19.9,Tier1_City,5,Semi-Furnished,11.4,0,171.92
HSE3049,963.0,1,1,11.1,Tier2_City,0,,7.2,2,47.81
HSE3050,,3,2,2.4,Tier2_City,7,Semi-Furnished,6.3,0,113.32
HSE3051,2050.0,1,1,2.3,Tier1_City,5,Furnished,9.9,1,150.54
HSE3052,1513.0,5,5,15.8,Tier3_City,1,Furnished,2.6,0,79.44
HSE3053,489.0,2,1,4.3,Tier1_City,2,Unfurnished,5.4,1,51.69
HSE3054,1694.0,3,3,13.2,Tier3_City,2,Unfurnished,11.2,2,75.95
HSE3055,912.0,2,2,14.6,Tier1_City,2,Unfurnished,1.3,0,78.73
HSE3056,751.0,3,2,3.3,Tier1_City,4,Unfurnished,2.9,0,89.62
HSE3057,500.0,1,1,14.9,Tier2_City,4,Unfurnished,3.9,1,32.74
HSE3058,2105.0,5,5,45.0,Tier1_City,1,Furnished,1.3,2,196.51
HSE3059,991.0,1,1,0.7,Tier1_City,5,Unfurnished,5.0,1,88.62
HSE3060,1633.0,2,2,1.3,Tier1_City,2,Unfurnished,0.2,2,137.2
HSE3061,1768.0,5,4,10.7,Tier3_City,1,Semi-Furnished,28.2,1,62.82
HSE3062,1539.0,3,3,3.3,Tier1_City,7,Semi-Furnished,3.9,0,168.55
HSE3063,1613.0,4,4,25.3,Tier2_City,2,Unfurnished,1.1,2,107.39
HSE3064,1660.0,1,1,13.2,Tier2_City,1,Unfurnished,4.6,2,84.91
HSE3065,1526.0,2,2,3.3,Tier2_City,5,Unfurnished,7.7,0,91.15
HSE3066,1032.0,4,3,6.0,Tier2_City,6,Semi-Furnished,17.2,0,79.05
HSE3067,983.0,2,2,5.6,Tier1_City,1,Unfurnished,2.4,1,92.36
HSE3068,1392.0,3,2,23.2,Tier3_City,0,Semi-Furnished,4.8,0,55.81
HSE3069,,1,1,29.2,Tier3_City,6,Unfurnished,0.7,2,47.29
HSE3070,1686.0,3,2,1.3,Tier3_City,4,Semi-Furnished,1.6,0,74.21
HSE3071,,2,2,9.1,Tier2_City,3,Unfurnished,2.0,0,114.09
HSE3072,1639.0,5,5,2.6,Tier3_City,3,Unfurnished,0.2,0,83.46
HSE3073,1004.0,2,1,4.7,Tier3_City,4,Semi-Furnished,4.5,2,45.25
HSE3074,300.0,5,4,2.8,Tier2_City,5,Unfurnished,1.1,0,71.02
HSE3075,,5,5,9.6,Tier3_City,0,Unfurnished,3.7,1,48.46
HSE3076,711.0,5,4,1.0,Tier1_City,2,Furnished,12.1,2,114.23
HSE3077,1048.0,4,3,6.3,Tier1_City,7,Furnished,2.4,0,148.41
HSE3078,1583.0,3,3,14.4,Tier2_City,1,Unfurnished,0.2,0,104.86
HSE3079,1496.0,3,3,3.6,Tier2_City,7,Furnished,4.4,0,120.16
HSE3080,2472.0,1,1,12.5,Tier2_City,3,Furnished,9.1,0,142.45
HSE3081,1716.0,1,1,6.4,Tier2_City,1,Semi-Furnished,15.3,0,95.57
HSE3082,2500.0,2,2,18.0,Tier2_City,4,Furnished,0.8,2,152.18
HSE3083,1843.0,4,4,2.6,Tier3_City,5,,13.2,2,93.78
HSE3084,,1,1,7.4,Tier1_City,2,Unfurnished,13.5,1,153.3
HSE3085,1253.0,5,4,1.6,Tier1_City,6,Furnished,7.6,2,157.91
HSE3086,859.0,5,4,27.7,Tier2_City,0,Semi-Furnished,4.8,0,60.7
HSE3087,1203.0,1,1,1.6,Tier2_City,0,Furnished,6.2,1,70.02
HSE3088,,1,1,0.9,Tier3_City,4,Unfurnished,0.8,1,66.07
HSE3089,1105.0,5,5,1.6,Tier1_City,4,Semi-Furnished,18.4,0,107.21
HSE3090,899.0,1,1,,Tier1_City,5,Unfurnished,12.9,1,82.92
HSE3091,1679.0,1,1,14.4,Tier3_City,6,Unfurnished,3.9,1,69.13
HSE3092,897.0,1,1,13.6,Tier1_City,7,Unfurnished,1.6,2,92.62
HSE3093,607.0,4,3,12.0,Tier2_City,4,Semi-Furnished,35.0,1,15.08
HSE3094,833.0,1,1,,Tier1_City,4,Semi-Furnished,4.5,1,63.95
HSE3095,1321.0,1,1,6.6,Tier2_City,7,Furnished,6.5,0,99.08
HSE3096,905.0,2,1,1.5,Tier3_City,7,,22.3,1,39.05
HSE3097,1325.0,4,3,23.3,Tier2_City,0,Semi-Furnished,1.0,0,73.42
HSE3098,1780.0,5,4,20.0,Tier1_City,4,Semi-Furnished,4.3,1,177.97
HSE3099,1766.0,2,1,2.2,Tier3_City,7,Furnished,7.0,1,88.0
HSE3100,1087.0,2,1,,Tier1_City,0,Semi-Furnished,3.2,0,94.08
HSE3101,733.0,3,3,4.2,Tier1_City,7,Semi-Furnished,4.9,1,103.57
HSE3102,1133.0,3,3,8.0,Tier2_City,5,Semi-Furnished,10.6,2,93.7
HSE3103,1811.0,4,3,12.9,Tier2_City,1,Unfurnished,0.4,2,115.55
HSE3104,1939.0,2,1,0.8,Tier2_City,5,Semi-Furnished,1.1,2,135.13
HSE3105,1644.0,4,3,33.7,Tier2_City,3,Semi-Furnished,4.1,1,100.88
HSE3106,2111.0,5,5,7.2,Tier2_City,2,Semi-Furnished,10.0,1,144.33
HSE3107,2401.0,4,3,0.9,Tier1_City,4,Unfurnished,2.0,0,217.86
HSE3108,1184.0,4,3,10.2,Tier3_City,5,Unfurnished,3.0,2,64.76
HSE3109,2268.0,1,1,14.5,Tier1_City,7,Semi-Furnished,8.1,0,175.84
HSE3110,1307.0,5,5,34.1,Tier3_City,3,Semi-Furnished,1.8,2,66.67
HSE3111,2011.0,4,3,1.8,Tier2_City,1,Unfurnished,13.1,2,130.32
HSE3112,1840.0,4,4,1.3,Tier2_City,6,Unfurnished,7.9,1,129.35
HSE3113,363.0,1,1,10.1,Tier2_City,2,Furnished,4.5,1,41.65
HSE3114,919.0,3,2,4.4,Tier2_City,6,Semi-Furnished,3.9,2,79.38
HSE3115,,4,3,3.0,Tier2_City,6,Semi-Furnished,2.9,0,87.88
HSE3116,470.0,4,3,7.6,Tier3_City,0,Unfurnished,3.2,2,39.2
HSE3117,1934.0,1,1,3.0,Tier3_City,3,Furnished,10.3,2,81.05
HSE3118,2588.0,1,1,6.2,Tier2_City,0,Unfurnished,0.2,1,140.32
HSE3119,1308.0,3,3,3.9,Tier2_City,4,Unfurnished,6.4,1,88.12
HSE3120,1920.0,4,4,0.5,Tier2_City,6,Unfurnished,17.4,1,124.36
HSE3121,2267.0,2,1,5.6,Tier3_City,4,Unfurnished,15.4,0,83.82
HSE3122,1565.0,4,4,21.5,Tier1_City,2,Semi-Furnished,4.9,2,147.83
HSE3123,1436.0,5,4,1.9,Tier1_City,7,Unfurnished,1.0,0,183.55
HSE3124,1315.0,5,4,7.1,Tier2_City,0,Unfurnished,1.5,1,98.11
HSE3125,1746.0,4,3,2.5,Tier1_City,1,Unfurnished,4.1,2,163.74
HSE3126,1931.0,4,4,2.1,Tier2_City,2,Semi-Furnished,1.7,0,126.21
HSE3127,1704.0,1,1,6.0,Tier1_City,7,Furnished,0.9,1,169.16
HSE3128,1685.0,1,1,1.2,Tier1_City,7,Unfurnished,0.7,1,159.06
HSE3129,1422.0,4,3,2.5,Tier2_City,4,Furnished,4.0,0,121.21
HSE3130,574.0,5,4,18.1,Tier2_City,7,Unfurnished,12.2,2,68.19
HSE3131,1944.0,1,1,1.6,Tier3_City,7,Semi-Furnished,4.6,1,90.21
HSE3132,743.0,3,2,1.4,Tier1_City,4,Semi-Furnished,5.8,0,99.38
HSE3133,1791.0,2,1,26.9,Tier1_City,0,Unfurnished,0.2,0,127.03
HSE3134,1866.0,1,1,39.3,Tier1_City,7,Unfurnished,2.9,0,131.06
HSE3135,823.0,2,1,7.9,Tier2_City,5,Semi-Furnished,2.2,2,54.94
HSE3136,1116.0,3,2,0.7,Tier1_City,1,,7.2,1,100.86
HSE3137,2617.0,4,3,3.7,Tier3_City,6,Semi-Furnished,0.5,2,121.39
HSE3138,1406.0,5,5,7.0,Tier1_City,3,Furnished,7.2,2,180.17
HSE3139,779.0,5,4,9.6,Tier3_City,6,Semi-Furnished,1.3,2,59.82
HSE3140,1890.0,1,1,6.5,Tier2_City,2,,0.4,2,109.98
HSE3141,1025.0,5,5,3.5,Tier2_City,0,Furnished,3.5,1,98.84
HSE3142,394.0,3,2,5.7,Tier1_City,3,Semi-Furnished,4.2,1,52.71
HSE3143,1736.0,1,1,10.2,Tier1_City,3,Unfurnished,7.4,2,134.51
HSE3144,946.0,4,4,,Tier2_City,6,Unfurnished,0.2,2,82.77
HSE3145,1627.0,1,1,4.4,Tier2_City,0,Semi-Furnished,6.5,0,78.94
HSE3146,1003.0,3,2,6.2,Tier2_City,7,Unfurnished,3.5,1,83.5
HSE3147,1839.0,5,4,0.2,Tier1_City,1,Semi-Furnished,23.1,2,154.73
HSE3148,1551.0,5,4,0.8,Tier1_City,7,Semi-Furnished,8.9,1,192.33
HSE3149,300.0,2,2,0.2,Tier3_City,5,Semi-Furnished,11.2,0,24.46
HSE3150,1660.0,1,1,17.7,Tier1_City,2,Unfurnished,19.3,1,105.81
HSE3151,1291.0,3,3,4.0,Tier1_City,7,,8.6,0,140.24
HSE3152,2229.0,1,1,1.4,Tier2_City,2,Furnished,1.9,1,136.03
HSE3153,1667.0,5,5,5.9,Tier1_City,5,Unfurnished,13.2,2,162.7
HSE3154,1866.0,2,2,6.0,Tier2_City,0,Unfurnished,13.0,2,106.07
HSE3155,1059.0,1,1,1.8,Tier2_City,0,Unfurnished,4.7,2,64.39
HSE3156,1015.0,2,1,4.6,Tier2_City,2,Unfurnished,0.5,2,85.23
HSE3157,1436.0,2,2,12.3,Tier2_City,1,Unfurnished,1.7,1,90.21
HSE3158,1252.0,4,3,6.9,Tier1_City,1,Furnished,1.2,1,137.71
HSE3159,2186.0,5,5,13.4,Tier1_City,3,Unfurnished,2.1,1,212.06
HSE3160,1366.0,4,4,6.4,Tier3_City,4,Furnished,6.8,0,77.8
HSE3161,776.0,4,4,2.2,Tier1_City,1,Furnished,1.1,0,123.85
HSE3162,995.0,2,1,8.1,Tier1_City,6,Unfurnished,0.2,1,115.11
HSE3163,1981.0,5,5,14.7,Tier2_City,6,Furnished,15.8,1,139.08
HSE3164,1358.0,5,5,1.3,Tier2_City,6,Furnished,0.9,0,121.97
HSE3165,1329.0,4,4,3.4,Tier1_City,1,Semi-Furnished,2.2,0,125.52
HSE3166,2033.0,4,3,8.1,Tier3_City,7,Unfurnished,1.5,0,93.25
HSE3167,947.0,2,2,8.6,Tier1_City,1,Unfurnished,4.5,0,72.97
HSE3168,300.0,3,2,7.8,Tier3_City,0,Furnished,2.0,2,37.23
HSE3169,981.0,5,4,2.3,Tier1_City,5,Semi-Furnished,3.7,1,153.75
HSE3170,1583.0,3,2,40.0,Tier2_City,6,Unfurnished,0.5,2,98.7
HSE3171,1313.0,4,4,7.1,Tier2_City,1,Semi-Furnished,4.9,2,109.94
HSE3172,592.0,5,5,24.5,Tier3_City,3,Furnished,1.3,2,47.16
HSE3173,2009.0,5,5,6.5,Tier2_City,3,Semi-Furnished,2.7,2,141.88
HSE3174,1540.0,2,1,0.3,Tier3_City,5,Semi-Furnished,3.6,0,67.44
HSE3175,1664.0,3,2,11.7,Tier3_City,4,Furnished,2.8,2,72.62
HSE3176,1681.0,2,1,,Tier2_City,4,Unfurnished,4.4,2,98.39
HSE3177,736.0,3,3,17.2,Tier1_City,0,Semi-Furnished,11.0,2,62.15
HSE3178,1617.0,4,3,4.0,Tier1_City,7,Unfurnished,2.2,0,172.05
HSE3179,1949.0,2,2,3.0,Tier3_City,4,Unfurnished,5.3,0,82.51
HSE3180,2077.0,2,2,1.0,Tier3_City,5,Semi-Furnished,4.3,1,91.08
HSE3181,1847.0,2,2,3.4,Tier1_City,3,Unfurnished,6.6,0,156.61
HSE3182,1732.0,4,4,5.4,Tier1_City,1,Furnished,1.1,2,178.47
HSE3183,494.0,5,5,1.9,Tier1_City,5,Semi-Furnished,4.1,1,108.01
HSE3184,1442.0,1,1,2.2,Tier1_City,2,Semi-Furnished,0.9,0,113.11
HSE3185,924.0,5,4,14.1,Tier1_City,1,Unfurnished,5.8,0,109.93
HSE3186,2155.0,1,1,13.2,Tier3_City,4,Unfurnished,1.0,1,83.58
HSE3187,2072.0,3,2,1.2,Tier1_City,2,Semi-Furnished,1.3,1,197.6
HSE3188,927.0,1,1,0.7,Tier3_City,7,Unfurnished,2.7,1,42.52
HSE3189,1425.0,5,5,0.1,Tier3_City,5,Furnished,4.5,1,92.01
HSE3190,1587.0,4,3,9.9,Tier1_City,2,Furnished,2.5,1,169.22
HSE3191,1945.0,2,1,4.1,Tier2_City,0,Furnished,7.2,2,103.37
HSE3192,528.0,4,4,3.9,Tier2_City,2,Unfurnished,1.0,1,70.35
HSE3193,300.0,5,4,6.4,Tier1_City,0,Semi-Furnished,5.5,1,57.1
HSE3194,,2,1,14.1,Tier2_City,1,Semi-Furnished,8.1,0,79.41
HSE3195,,4,4,1.4,Tier2_City,2,Unfurnished,6.9,1,58.32
HSE3196,1537.0,2,1,4.4,Tier1_City,5,Furnished,3.5,0,156.14
HSE3197,1776.0,4,3,0.5,Tier3_City,0,Furnished,8.2,2,80.6
HSE3198,2130.0,3,2,2.4,Tier1_City,1,Furnished,3.1,0,190.19
HSE3199,1108.0,4,3,5.6,Tier1_City,0,Furnished,0.5,1,142.26
HSE3200,1539.0,4,4,3.8,Tier3_City,7,Semi-Furnished,2.5,2,86.75
HSE3201,1808.0,4,3,1.7,Tier1_City,7,Semi-Furnished,3.3,0,187.75
HSE3202,803.0,1,1,1.6,Tier1_City,2,Unfurnished,0.2,0,69.25
HSE3203,1953.0,5,4,29.4,Tier1_City,3,Unfurnished,3.7,2,179.71
HSE3204,1601.0,1,1,0.3,Tier1_City,2,Unfurnished,0.4,1,119.86
HSE3205,1117.0,2,2,8.3,Tier2_City,4,,10.0,1,81.95
HSE3206,1528.0,3,2,8.8,Tier2_City,4,Semi-Furnished,0.2,2,107.21
HSE3207,1373.0,5,4,3.3,Tier2_City,2,Furnished,3.2,0,116.06
HSE3208,1879.0,4,3,8.0,Tier2_City,5,Furnished,5.9,0,132.98
HSE3209,1252.0,1,1,15.7,Tier1_City,0,Semi-Furnished,11.5,1,85.1
HSE3210,1575.0,2,2,5.0,Tier2_City,5,Semi-Furnished,2.5,1,108.69
HSE3211,1108.0,1,1,8.7,Tier3_City,6,Unfurnished,3.4,2,57.63
HSE3212,934.0,3,2,7.3,Tier3_City,0,Unfurnished,1.6,1,50.18
HSE3213,1544.0,4,4,1.3,Tier2_City,5,Furnished,6.4,0,118.67
HSE3214,957.0,4,3,0.3,Tier1_City,5,Unfurnished,1.6,2,141.0
HSE3215,1890.0,4,4,18.4,Tier2_City,7,Furnished,6.0,1,139.28
HSE3216,1776.0,4,3,1.3,Tier3_City,6,Unfurnished,5.7,2,92.27
HSE3217,,5,5,8.9,Tier3_City,0,Semi-Furnished,14.0,0,57.99
HSE3218,1568.0,5,4,18.4,Tier2_City,0,Furnished,3.9,2,108.32
HSE3219,1027.0,2,1,4.7,Tier2_City,1,Semi-Furnished,2.0,1,60.57
HSE3220,,2,1,10.0,Tier1_City,4,Semi-Furnished,2.0,1,68.09
HSE3221,1122.0,1,1,5.0,Tier1_City,5,Unfurnished,21.9,2,70.65
HSE3222,1422.0,2,2,8.7,Tier1_City,5,Furnished,2.1,0,160.52
HSE3223,1737.0,3,2,8.1,Tier2_City,2,Unfurnished,6.2,0,97.97
HSE3224,1532.0,4,4,5.7,Tier1_City,1,Semi-Furnished,8.3,0,147.34
HSE3225,1949.0,5,5,0.3,Tier2_City,0,Unfurnished,13.1,2,133.27
HSE3226,910.0,3,3,14.0,Tier2_City,2,Semi-Furnished,3.8,2,79.57
HSE3227,1243.0,5,5,0.7,Tier2_City,2,Unfurnished,24.3,2,80.82
HSE3228,2354.0,3,2,0.7,Tier2_City,2,Unfurnished,1.8,0,133.81
HSE3229,388.0,5,5,1.2,Tier1_City,0,Furnished,3.4,0,104.11
HSE3230,1201.0,5,5,3.5,Tier2_City,2,Furnished,8.2,1,107.71
HSE3231,861.0,3,3,0.1,Tier3_City,6,Semi-Furnished,15.5,2,55.49
HSE3232,1343.0,5,5,0.3,Tier2_City,1,Unfurnished,1.2,2,120.85
HSE3233,1211.0,5,5,5.1,Tier3_City,7,Unfurnished,10.8,2,79.62
HSE3234,1781.0,2,2,22.9,Tier2_City,0,Semi-Furnished,2.3,2,96.67
HSE3235,1591.0,2,1,25.9,Tier2_City,5,Unfurnished,3.9,2,84.13
HSE3236,732.0,1,1,4.1,Tier2_City,0,Unfurnished,5.4,0,23.68
HSE3237,1127.0,5,4,10.3,Tier2_City,3,Unfurnished,17.9,1,71.74
HSE3238,1450.0,3,3,8.2,Tier3_City,7,Furnished,17.4,1,70.91
HSE3239,1857.0,3,3,7.2,Tier2_City,6,Furnished,5.8,0,126.09
HSE3240,2788.0,2,1,27.8,Tier3_City,4,Unfurnished,6.3,2,95.15
HSE3241,1837.0,2,2,6.1,Tier3_City,5,Unfurnished,33.7,0,57.55
HSE3242,,3,3,11.5,Tier3_City,5,,7.8,2,57.85
HSE3243,1398.0,3,2,7.0,Tier1_City,6,Unfurnished,7.3,0,129.75
HSE3244,1550.0,1,1,6.8,Tier1_City,4,Furnished,4.5,0,123.26
HSE3245,1164.0,4,3,12.2,Tier3_City,4,Unfurnished,1.7,1,68.71
HSE3246,1709.0,2,2,7.6,Tier2_City,0,Unfurnished,2.1,1,94.07
HSE3247,300.0,2,1,2.4,Tier3_City,7,,6.3,1,33.14
HSE3248,1754.0,1,1,7.3,Tier1_City,4,,3.7,2,140.56
HSE3249,1188.0,1,1,10.2,Tier3_City,2,Semi-Furnished,6.4,2,48.67
HSE3250,1390.0,2,1,31.3,Tier3_City,1,Furnished,11.1,1,53.18
HSE3251,2256.0,4,4,15.6,Tier3_City,4,Unfurnished,1.1,2,97.84
HSE3252,756.0,5,4,6.4,Tier2_City,6,Unfurnished,1.1,2,80.74
HSE3253,1600.0,5,5,3.4,Tier1_City,6,Semi-Furnished,14.6,0,167.42
HSE3254,1887.0,2,1,0.4,Tier2_City,7,Unfurnished,2.8,1,123.52
HSE3255,1544.0,4,3,5.9,Tier2_City,7,Semi-Furnished,11.1,2,135.64
HSE3256,562.0,2,1,1.8,Tier1_City,4,Semi-Furnished,4.9,2,65.92
HSE3257,2193.0,1,1,5.0,Tier1_City,7,Unfurnished,6.2,0,163.06
HSE3258,1334.0,3,3,11.0,Tier3_City,0,,7.9,0,49.35
HSE3259,1160.0,4,3,15.8,Tier1_City,3,Unfurnished,4.6,0,113.41
HSE3260,1279.0,4,3,9.7,Tier2_City,3,Unfurnished,1.6,1,99.04
HSE3261,1240.0,1,1,42.3,Tier2_City,5,Semi-Furnished,6.6,2,50.88
HSE3262,795.0,4,3,10.0,Tier3_City,2,Semi-Furnished,24.5,1,34.35
HSE3263,1541.0,2,1,7.4,Tier2_City,2,Unfurnished,6.0,0,99.22
HSE3264,1122.0,2,2,1.8,Tier1_City,7,Semi-Furnished,0.5,1,130.78
HSE3265,1819.0,1,1,11.6,Tier1_City,5,Semi-Furnished,1.9,0,152.12
HSE3266,1735.0,2,2,0.2,Tier1_City,5,Semi-Furnished,11.5,2,175.91
HSE3267,2344.0,3,2,17.1,Tier1_City,1,Furnished,9.6,2,183.59
HSE3268,1334.0,1,1,28.7,Tier3_City,4,Furnished,1.4,1,48.93
HSE3269,1008.0,2,2,7.2,Tier2_City,3,Semi-Furnished,8.0,2,67.17
HSE3270,642.0,3,2,20.4,Tier1_City,4,Unfurnished,2.1,1,62.96
HSE3271,2656.0,1,1,4.9,Tier3_City,7,Semi-Furnished,11.8,2,98.14
HSE3272,1814.0,5,5,0.8,Tier1_City,2,Furnished,2.8,2,208.19
HSE3273,1069.0,2,2,1.8,Tier1_City,6,Semi-Furnished,4.9,0,116.38
HSE3274,2381.0,4,4,1.9,Tier2_City,5,Unfurnished,4.9,1,160.45
HSE3275,2196.0,4,4,11.8,Tier1_City,3,Furnished,8.4,0,203.26
HSE3276,707.0,4,3,6.0,Tier1_City,7,Semi-Furnished,11.6,0,98.25
HSE3277,1036.0,2,2,9.2,Tier3_City,1,Unfurnished,5.6,0,35.19
HSE3278,1377.0,1,1,16.8,Tier3_City,5,Semi-Furnished,2.0,0,57.48
HSE3279,861.0,1,1,1.0,Tier3_City,3,Semi-Furnished,6.0,0,41.99
HSE3280,1397.0,2,2,0.5,Tier2_City,5,Unfurnished,17.7,0,69.07
HSE3281,1842.0,3,2,9.2,Tier1_City,1,Furnished,27.4,2,150.06
HSE3282,695.0,4,4,1.9,Tier3_City,5,Furnished,6.3,1,51.21
HSE3283,1611.0,4,3,11.1,Tier2_City,0,Furnished,0.3,0,106.15
HSE3284,2093.0,5,5,11.0,Tier1_City,2,,0.9,1,205.76
HSE3285,1670.0,5,4,13.7,Tier1_City,7,Unfurnished,1.8,2,188.24
HSE3286,1408.0,2,2,14.8,Tier2_City,5,Unfurnished,6.9,1,89.72
HSE3287,1083.0,3,2,14.9,Tier1_City,3,Unfurnished,3.2,0,102.65
HSE3288,1907.0,5,4,14.9,Tier1_City,2,Unfurnished,11.2,0,159.69
HSE3289,803.0,4,3,17.5,Tier1_City,0,Semi-Furnished,12.6,1,74.3
HSE3290,1584.0,3,3,25.0,Tier2_City,0,Semi-Furnished,10.0,2,85.51
HSE3291,1464.0,5,5,3.5,Tier1_City,5,Unfurnished,0.9,0,172.8
HSE3292,2069.0,1,1,24.0,Tier2_City,2,Unfurnished,4.9,2,102.66
HSE3293,1129.0,4,3,8.8,Tier1_City,0,Semi-Furnished,8.6,0,102.89
HSE3294,1176.0,5,4,1.2,Tier2_City,3,Semi-Furnished,1.9,1,106.15
HSE3295,767.0,3,2,2.9,Tier1_City,3,,3.7,0,73.95
HSE3296,1691.0,4,4,2.9,Tier2_City,7,,2.1,1,142.66
HSE3297,1217.0,1,1,0.7,Tier2_City,1,Semi-Furnished,0.6,2,83.21
HSE3298,976.0,4,4,7.4,Tier2_City,2,Unfurnished,4.8,0,60.85
HSE3299,1028.0,2,2,15.6,Tier1_City,1,Unfurnished,2.7,1,91.23
HSE3300,1745.0,5,4,1.1,Tier2_City,1,Semi-Furnished,3.5,0,129.6
HSE3301,843.0,2,2,32.7,Tier3_City,4,Unfurnished,0.5,1,28.39
HSE3302,892.0,2,2,8.3,Tier1_City,1,Semi-Furnished,2.3,0,74.74
HSE3303,1943.0,2,2,6.6,Tier2_City,5,Semi-Furnished,6.4,0,115.68
HSE3304,1359.0,4,3,5.6,Tier2_City,6,Unfurnished,12.1,2,93.82
HSE3305,1975.0,5,4,5.2,Tier3_City,3,Unfurnished,8.1,2,92.51
HSE3306,1252.0,2,1,1.7,Tier2_City,1,Unfurnished,6.6,2,88.44
HSE3307,1449.0,2,1,10.4,Tier3_City,6,Furnished,2.1,2,74.9
HSE3308,1536.0,4,3,3.7,Tier2_City,7,Semi-Furnished,0.8,0,138.61
HSE3309,2213.0,3,2,0.8,Tier2_City,7,Unfurnished,2.7,1,150.78
HSE3310,2168.0,3,3,19.0,Tier1_City,7,Unfurnished,1.2,2,201.89
HSE3311,,5,5,1.4,Tier2_City,6,Semi-Furnished,6.8,2,155.65
HSE3312,1104.0,3,2,34.5,Tier1_City,5,Furnished,17.2,1,80.01
HSE3313,907.0,4,3,6.0,Tier2_City,7,Semi-Furnished,9.6,2,85.37
HSE3314,1868.0,5,5,2.0,Tier1_City,2,Furnished,3.9,0,207.56
HSE3315,,2,2,20.9,Tier2_City,7,Semi-Furnished,2.6,2,136.62
HSE3316,2090.0,5,4,8.3,Tier3_City,0,Unfurnished,5.1,0,95.23
HSE3317,1457.0,5,5,0.5,Tier3_City,6,Furnished,1.8,2,98.71
HSE3318,1850.0,3,2,4.0,Tier1_City,2,Unfurnished,17.0,2,143.87
HSE3319,1860.0,2,1,8.6,Tier3_City,2,Semi-Furnished,20.5,1,63.0
HSE3320,1532.0,1,1,12.3,Tier3_City,5,Semi-Furnished,6.0,1,59.27
HSE3321,1556.0,1,1,16.8,Tier3_City,1,,6.6,0,58.62
HSE3322,1504.0,5,4,0.8,Tier2_City,7,Unfurnished,11.9,0,114.75
HSE3323,1017.0,3,3,6.3,Tier1_City,5,Semi-Furnished,5.2,0,117.24
HSE3324,1073.0,4,4,23.7,Tier3_City,0,Unfurnished,1.2,2,51.19
HSE3325,1064.0,2,2,5.3,Tier2_City,6,Semi-Furnished,9.6,0,81.87
HSE3326,570.0,2,1,1.7,Tier2_City,0,Semi-Furnished,2.4,2,34.55
HSE3327,1529.0,5,5,21.8,Tier1_City,6,Unfurnished,4.5,0,158.89
HSE3328,1428.0,4,4,10.8,Tier1_City,6,Furnished,7.1,2,151.49
HSE3329,1869.0,2,1,13.9,Tier1_City,5,Semi-Furnished,0.4,1,166.9
HSE3330,2143.0,1,1,9.3,Tier2_City,4,Unfurnished,10.7,2,113.42
HSE3331,2178.0,5,4,3.1,Tier2_City,6,Semi-Furnished,23.9,2,134.58
HSE3332,,1,1,8.5,Tier3_City,6,Semi-Furnished,1.4,2,97.47
HSE3333,1034.0,1,1,1.7,Tier1_City,5,Unfurnished,7.5,1,92.9
HSE3334,662.0,2,1,6.5,Tier1_City,1,Furnished,14.4,1,55.76
HSE3335,1962.0,5,4,7.7,Tier1_City,5,Semi-Furnished,1.0,1,207.47
HSE3336,2210.0,4,3,1.3,Tier1_City,1,Unfurnished,0.2,0,202.84
HSE3337,2306.0,1,1,1.0,Tier2_City,0,Unfurnished,1.2,2,138.18
HSE3338,1717.0,5,5,2.4,Tier2_City,1,Semi-Furnished,12.3,2,123.83
HSE3339,352.0,5,5,2.2,Tier3_City,3,Furnished,12.4,0,46.3
HSE3340,1651.0,4,3,10.4,Tier1_City,7,Unfurnished,21.5,0,138.48
HSE3341,1755.0,1,1,7.7,Tier1_City,0,Unfurnished,2.7,0,138.76
HSE3342,2139.0,1,1,2.1,Tier3_City,0,Furnished,4.1,2,87.13
HSE3343,2236.0,5,5,3.1,Tier1_City,0,Semi-Furnished,3.6,1,211.97
HSE3344,1950.0,5,4,5.4,Tier2_City,1,Semi-Furnished,1.9,0,131.67
HSE3345,1127.0,5,4,0.3,Tier2_City,4,Furnished,16.3,1,98.13
HSE3346,884.0,3,2,12.0,Tier3_City,6,Unfurnished,10.3,1,39.9
HSE3347,1744.0,3,3,2.0,Tier1_City,0,,8.0,1,162.4
HSE3348,1014.0,1,1,1.6,Tier3_City,6,Semi-Furnished,4.2,1,47.55
HSE3349,2261.0,1,1,6.0,Tier3_City,7,Unfurnished,3.2,2,91.84
HSE3350,512.0,2,2,,Tier1_City,0,Unfurnished,1.3,2,64.83
HSE3351,1762.0,4,3,7.8,Tier2_City,3,Unfurnished,3.7,0,125.69
HSE3352,1626.0,3,3,24.1,Tier2_City,6,,30.3,2,82.36
HSE3353,1336.0,4,3,3.6,Tier1_City,5,Semi-Furnished,1.8,1,165.18
HSE3354,941.0,3,2,19.0,Tier3_City,1,Unfurnished,0.8,0,40.03
HSE3355,316.0,3,2,1.1,Tier1_City,1,Furnished,0.5,2,72.11
HSE3356,1158.0,5,5,30.5,Tier1_City,3,Semi-Furnished,2.6,1,143.85
HSE3357,1167.0,4,3,0.4,Tier1_City,6,Semi-Furnished,27.4,1,128.13
HSE3358,2061.0,5,4,1.2,Tier2_City,7,Furnished,1.3,2,175.11
HSE3359,1019.0,5,5,,Tier3_City,3,Unfurnished,0.3,1,72.83
HSE3360,1699.0,4,3,7.9,Tier2_City,4,Semi-Furnished,9.0,0,121.25
HSE3361,739.0,5,4,6.8,Tier2_City,4,Semi-Furnished,1.3,0,74.21
HSE3362,1714.0,2,2,13.5,Tier1_City,3,Semi-Furnished,7.4,2,143.27
HSE3363,300.0,3,2,31.1,Tier2_City,5,Furnished,2.6,1,44.84
HSE3364,2602.0,1,1,0.4,Tier2_City,2,Furnished,1.5,0,159.2
HSE3365,1372.0,1,1,0.8,Tier2_City,4,Furnished,7.4,0,87.92
HSE3366,300.0,1,1,0.0,Tier2_City,4,Unfurnished,1.6,2,45.24
HSE3367,1055.0,1,1,1.5,Tier3_City,4,Unfurnished,2.6,1,50.11
HSE3368,,3,2,1.9,Tier2_City,7,Semi-Furnished,14.2,1,82.02
HSE3369,1089.0,4,4,15.8,Tier2_City,5,Unfurnished,11.2,1,81.37
HSE3370,1249.0,5,4,0.3,Tier2_City,5,Semi-Furnished,0.2,1,122.62
HSE3371,1086.0,5,5,3.8,Tier1_City,6,Semi-Furnished,0.2,2,166.19
HSE3372,1001.0,1,1,3.0,Tier2_City,4,Furnished,1.3,1,85.21
HSE3373,813.0,3,2,5.8,Tier2_City,2,Semi-Furnished,16.2,1,63.44
HSE3374,1902.0,3,3,1.0,Tier2_City,4,Semi-Furnished,8.7,2,127.27
HSE3375,2111.0,1,1,5.8,Tier2_City,7,Unfurnished,2.0,0,128.13
HSE3376,1310.0,1,1,3.0,Tier1_City,7,Furnished,3.4,0,142.83
HSE3377,1440.0,2,1,10.5,Tier1_City,2,Semi-Furnished,7.7,2,118.3
HSE3378,831.0,5,4,9.2,Tier1_City,3,Semi-Furnished,7.3,0,94.85
HSE3379,1489.0,2,1,29.0,Tier2_City,2,Unfurnished,0.8,0,67.32
HSE3380,1576.0,2,1,3.5,Tier3_City,0,Unfurnished,4.1,0,57.29
HSE3381,1329.0,5,4,12.9,Tier2_City,2,Semi-Furnished,3.2,2,104.12
HSE3382,1668.0,2,1,0.2,Tier2_City,0,Furnished,6.2,2,101.68
HSE3383,1620.0,4,4,1.2,Tier2_City,2,,2.8,0,123.58
HSE3384,870.0,5,5,0.9,Tier1_City,0,Furnished,4.1,2,128.46
HSE3385,2106.0,1,1,37.9,Tier1_City,2,Furnished,14.9,2,142.05
HSE3386,1336.0,3,2,0.4,Tier1_City,5,Unfurnished,3.7,2,129.94
HSE3387,2372.0,2,1,1.9,Tier3_City,6,Furnished,9.5,2,103.41
HSE3388,1681.0,1,1,6.0,Tier1_City,7,Furnished,8.2,1,151.76
HSE3389,2534.0,1,1,4.8,Tier2_City,4,Semi-Furnished,0.3,0,154.01
HSE3390,2096.0,4,4,1.5,Tier2_City,4,Semi-Furnished,9.4,2,155.35
HSE3391,1575.0,4,3,30.3,Tier2_City,7,Unfurnished,8.7,1,93.99
HSE3392,1052.0,3,2,0.6,Tier1_City,4,Semi-Furnished,7.1,1,125.21
HSE3393,1064.0,4,4,,Tier3_City,0,Semi-Furnished,15.1,1,44.66
HSE3394,1743.0,4,4,9.7,Tier1_City,7,Unfurnished,12.6,1,174.66
HSE3395,1529.0,1,1,2.5,Tier3_City,4,Unfurnished,9.5,0,51.89
HSE3396,1126.0,1,1,8.4,Tier2_City,5,Semi-Furnished,10.0,0,68.16
HSE3397,1908.0,2,1,1.2,Tier2_City,0,Semi-Furnished,0.6,1,125.21
HSE3398,1471.0,3,2,2.5,Tier2_City,3,Semi-Furnished,23.0,1,91.12
HSE3399,1911.0,5,4,0.2,Tier2_City,3,Semi-Furnished,4.0,2,136.08
HSE3400,913.0,5,5,,Tier1_City,6,Furnished,25.3,0,107.83
HSE3401,2000.0,5,4,0.0,Tier2_City,3,Unfurnished,32.2,0,118.66
HSE3402,1726.0,2,1,13.5,Tier2_City,2,Semi-Furnished,0.3,2,110.99
HSE3403,2109.0,3,2,1.8,Tier2_City,5,Semi-Furnished,0.5,0,145.51
HSE3404,1988.0,1,1,0.6,Tier2_City,0,Semi-Furnished,7.0,2,97.3
HSE3405,1403.0,3,2,1.7,Tier2_City,5,Furnished,7.7,2,117.22
HSE3406,1359.0,1,1,8.3,Tier2_City,0,Furnished,12.0,0,78.94
HSE3407,2431.0,5,4,3.9,Tier1_City,1,Semi-Furnished,13.1,1,218.54
HSE3408,1290.0,3,2,23.9,Tier1_City,3,Unfurnished,6.9,1,103.64
HSE3409,1862.0,4,3,1.1,Tier2_City,1,,2.1,0,128.2
HSE3410,1240.0,1,1,7.0,Tier1_City,0,Semi-Furnished,0.3,0,113.69
HSE3411,426.0,5,4,2.1,Tier1_City,3,Semi-Furnished,1.4,2,102.54
HSE3412,775.0,3,3,17.7,Tier3_City,5,Unfurnished,9.5,2,38.82
HSE3413,1673.0,1,1,6.8,Tier1_City,1,Unfurnished,15.4,2,115.94
HSE3414,1836.0,2,1,21.0,Tier1_City,2,Unfurnished,4.4,0,129.69
HSE3415,1675.0,2,2,,Tier3_City,5,Furnished,2.1,2,86.71
HSE3416,2080.0,1,1,2.5,Tier2_City,7,Furnished,0.2,1,127.55
HSE3417,1665.0,1,1,7.1,Tier3_City,4,Semi-Furnished,3.2,1,72.89
HSE3418,1024.0,4,4,35.9,Tier2_City,4,Unfurnished,10.4,1,68.27
HSE3419,,5,4,2.5,Tier2_City,6,Unfurnished,0.3,0,146.79
HSE3420,1543.0,4,3,22.8,Tier3_City,0,Furnished,6.4,0,71.4
HSE3421,1133.0,4,3,5.2,Tier1_City,7,Unfurnished,0.8,0,135.88
HSE3422,1710.0,1,1,6.1,Tier1_City,3,Unfurnished,3.4,2,140.09
HSE3423,1494.0,1,1,13.0,Tier1_City,3,Unfurnished,2.2,2,129.63
HSE3424,1117.0,1,1,4.7,Tier3_City,4,Semi-Furnished,1.2,2,58.99
HSE3425,1352.0,5,5,4.4,Tier1_City,7,Semi-Furnished,2.6,2,192.68
HSE3426,2227.0,4,3,3.7,Tier2_City,7,Unfurnished,4.6,0,147.12
HSE3427,2209.0,5,4,4.5,Tier2_City,6,Semi-Furnished,0.5,2,165.07
HSE3428,1553.0,5,4,10.2,Tier3_City,3,Semi-Furnished,1.3,2,85.2
HSE3429,1481.0,2,1,0.8,Tier1_City,1,Furnished,1.7,1,131.65
HSE3430,662.0,3,3,0.9,Tier2_City,1,Semi-Furnished,0.2,1,57.43
HSE3431,2396.0,4,4,2.8,Tier3_City,6,Furnished,1.8,1,124.88
HSE3432,2020.0,4,4,8.6,Tier1_City,1,Semi-Furnished,2.2,2,198.43
HSE3433,1864.0,4,4,1.6,Tier2_City,3,Unfurnished,2.4,2,137.52
HSE3434,300.0,3,2,16.6,Tier1_City,3,Semi-Furnished,0.2,1,56.61
HSE3435,1473.0,1,1,,Tier1_City,5,Unfurnished,4.9,0,109.69
HSE3436,1380.0,5,4,15.2,Tier1_City,2,Unfurnished,5.5,2,136.44
HSE3437,1826.0,4,3,7.5,Tier1_City,5,,5.9,1,171.29
HSE3438,1202.0,5,5,9.3,Tier1_City,4,Semi-Furnished,2.2,2,155.12
HSE3439,1323.0,2,2,11.1,Tier3_City,7,,4.9,2,56.19
HSE3440,1791.0,1,1,3.3,Tier2_City,1,Semi-Furnished,4.4,1,96.46
HSE3441,1025.0,5,5,,Tier2_City,6,,1.0,2,113.0
HSE3442,1134.0,5,4,9.2,Tier2_City,5,Unfurnished,2.6,0,104.71
HSE3443,1556.0,5,5,14.3,Tier3_City,6,Semi-Furnished,3.9,1,89.04
HSE3444,2186.0,3,3,1.2,Tier1_City,3,Unfurnished,3.0,0,203.98
HSE3445,1895.0,5,5,1.5,Tier1_City,2,Semi-Furnished,3.6,2,203.22
HSE3446,,2,2,2.0,Tier1_City,4,Semi-Furnished,3.5,0,180.36
HSE3447,1485.0,4,4,3.8,Tier3_City,7,Unfurnished,2.7,0,84.61
HSE3448,2272.0,3,3,9.7,Tier3_City,1,Semi-Furnished,8.6,2,94.74
HSE3449,492.0,1,1,1.8,Tier2_City,5,Semi-Furnished,6.0,0,36.7
HSE3450,2562.0,4,3,6.7,Tier1_City,1,,0.4,0,206.83
HSE3451,2633.0,2,1,9.3,Tier2_City,6,Semi-Furnished,2.8,0,153.04
HSE3452,1701.0,1,1,6.6,Tier2_City,3,Furnished,3.8,1,111.12
HSE3453,1908.0,4,4,2.8,Tier1_City,6,Unfurnished,19.8,1,183.56
HSE3454,1429.0,4,3,2.4,Tier1_City,1,Furnished,4.7,1,146.1
HSE3455,1335.0,2,2,7.0,Tier1_City,0,Semi-Furnished,3.8,1,99.29
HSE3456,1114.0,5,4,10.8,Tier2_City,7,Furnished,11.3,2,110.58
HSE3457,1423.0,4,3,2.3,Tier3_City,2,Furnished,4.4,1,78.57
HSE3458,1756.0,1,1,22.8,Tier1_City,0,Unfurnished,11.3,2,92.95
HSE3459,1681.0,2,2,5.2,Tier3_City,6,Furnished,5.7,1,66.86
HSE3460,2543.0,5,4,5.6,Tier2_City,3,,3.6,0,160.96
HSE3461,1505.0,1,1,,Tier2_City,7,Semi-Furnished,22.4,1,63.75
HSE3462,631.0,5,4,10.3,Tier3_City,3,Furnished,6.7,0,44.14
HSE3463,2354.0,3,3,22.4,Tier2_City,6,Unfurnished,6.5,1,143.27
HSE3464,778.0,4,4,7.1,Tier1_City,4,Furnished,0.4,0,109.97
HSE3465,1142.0,4,3,1.0,Tier1_City,3,Semi-Furnished,0.5,2,142.87
HSE3466,1599.0,3,2,0.5,Tier3_City,3,Unfurnished,26.5,1,70.38
HSE3467,1679.0,3,2,8.9,Tier2_City,2,Unfurnished,3.2,0,103.65
HSE3468,655.0,3,2,6.3,Tier1_City,5,Semi-Furnished,0.8,2,95.65
HSE3469,1039.0,4,4,27.7,Tier2_City,4,Unfurnished,1.2,1,75.57
HSE3470,636.0,4,4,26.5,Tier1_City,0,Unfurnished,0.5,0,70.79
HSE3471,1792.0,3,2,23.8,Tier1_City,3,Semi-Furnished,14.9,0,134.62
HSE3472,2101.0,3,3,,Tier3_City,3,Unfurnished,3.3,0,85.68
HSE3473,778.0,4,3,8.5,Tier2_City,7,Semi-Furnished,0.8,0,79.14
HSE3474,,4,3,4.1,Tier1_City,3,Semi-Furnished,1.8,1,189.94
HSE3475,1962.0,4,4,10.7,Tier2_City,4,Semi-Furnished,2.7,1,136.76
HSE3476,1088.0,3,3,6.5,Tier3_City,0,Furnished,7.4,1,64.25
HSE3477,360.0,3,2,2.6,Tier1_City,3,Unfurnished,6.1,2,65.15
HSE3478,861.0,3,3,5.7,Tier1_City,2,Furnished,12.0,2,96.97
HSE3479,1123.0,3,3,4.0,Tier2_City,3,Furnished,0.8,0,102.64
HSE3480,2298.0,1,1,4.9,Tier1_City,7,Semi-Furnished,9.9,1,189.24
HSE3481,1385.0,3,3,1.1,Tier1_City,7,Furnished,4.4,1,146.42
HSE3482,896.0,3,2,4.8,Tier1_City,2,Semi-Furnished,2.2,0,114.57
HSE3483,1531.0,1,1,1.2,Tier1_City,4,Semi-Furnished,1.5,0,134.49
HSE3484,738.0,5,5,5.9,Tier2_City,7,Furnished,0.3,1,84.53
HSE3485,,4,4,1.1,Tier1_City,1,Furnished,3.3,0,164.05
HSE3486,912.0,1,1,8.5,Tier2_City,3,Furnished,1.6,2,75.58
HSE3487,992.0,2,2,5.0,Tier2_City,4,Semi-Furnished,3.2,2,67.2
HSE3488,1657.0,3,2,10.0,Tier1_City,0,Semi-Furnished,0.2,1,161.48
HSE3489,2413.0,5,5,6.0,Tier1_City,3,Unfurnished,5.8,1,228.19
HSE3490,2659.0,3,3,9.5,Tier3_City,0,Semi-Furnished,1.4,2,116.73
HSE3491,878.0,5,4,3.1,Tier2_City,2,Semi-Furnished,1.2,2,740.6151029107025
HSE3492,1122.0,1,1,4.2,Tier2_City,0,Furnished,3.3,1,74.89
HSE3493,1734.0,3,3,2.8,Tier2_City,5,Semi-Furnished,21.8,2,111.04
HSE3494,2093.0,5,4,1.4,Tier3_City,6,Semi-Furnished,0.6,0,111.88
HSE3495,300.0,5,5,0.5,Tier1_City,2,Semi-Furnished,4.3,1,76.01
HSE3496,1498.0,2,2,9.0,Tier1_City,0,Unfurnished,1.6,0,122.77
HSE3497,1182.0,4,3,1.9,Tier3_City,3,Furnished,0.2,0,63.88
HSE3498,392.0,1,1,10.2,Tier1_City,0,Semi-Furnished,3.2,1,43.52
HSE3499,715.0,1,1,1.3,Tier2_City,3,Unfurnished,2.5,2,53.7
HSE2091,1917.0,2,1,5.3,Tier3_City,4,Semi-Furnished,18.6,1,74.47
HSE2075,,3,3,3.0,Tier2_City,1,Furnished,17.6,2,60.35
HSE3264,1122.0,2,2,1.8,Tier1_City,7,Semi-Furnished,0.5,1,130.78
HSE2330,672.0,3,3,3.0,Tier1_City,4,Semi-Furnished,12.5,2,79.93
HSE3349,2261.0,1,1,6.0,Tier3_City,7,Unfurnished,3.2,2,91.84
HSE2774,1403.0,2,1,5.1,Tier1_City,6,Furnished,1.0,2,133.38
HSE3038,407.0,2,1,4.8,Tier3_City,0,Furnished,6.5,1,24.62
HSE3285,1670.0,5,4,13.7,Tier1_City,7,Unfurnished,1.8,2,188.24
HSE3165,1329.0,4,4,3.4,Tier1_City,1,Semi-Furnished,2.2,0,125.52
HSE2335,1350.0,2,2,0.9,Tier2_City,1,Unfurnished,4.9,1,83.47
HSE2685,2061.0,2,1,12.4,Tier1_City,3,Unfurnished,1.9,1,154.21
HSE2181,1886.0,4,3,4.6,Tier2_City,3,,3.8,1,135.38
